,predictions,actuals,correct
j0cGt8mCE42Q-obJkcfrYw,0,0.0,True
vWnwaD-kykqiEc2Q0hbYsw,1,0.0,False
tTcsvA98b7ez7s3UqGK94Q,0,0.0,True
0Xz7umPUtAxf6JMHwybnmg,0,0.0,True
kiIEtD1ErMocYK-FdJaOAQ,0,0.0,True
HZRtOh_CVYBbv110jJMgyg,0,0.0,True
Js7xxK2D4Dc0W8XkAzc4cg,0,0.0,True
H3cgKCdZzPwd8LYPSlM-6A,1,0.0,False
fRV_jh8IxvGh0jY5dT91Rw,1,0.0,False
pUFRGgjXU9uO4Crlw5K3NA,0,0.0,True
Q5NEYfn5ATd4avkjrq89dA,1,0.0,False
pNCSRUxnT7DRHmfFy1tInA,0,0.0,True
gJTxExxjYywlgOPeoYxfKw,1,0.0,False
0yrN1DeWUp3qMszbqRELRw,0,0.0,True
oP8KsXHOUA_otHHI5JHScQ,0,0.0,True
LTQF5f3C91gipdVYXAO8MA,0,0.0,True
ECHH_ULCOFTQow72dJHSvA,1,0.0,False
BBYTFMPSVvCEQRq4sj53Gw,0,0.0,True
XeFqy8LRjReBDzeX_pAUjw,0,1.0,False
2QM2p_15M93bsWHsqzSmvQ,0,0.0,True
xHNfc32PhDClSXLjRwpaGQ,0,0.0,True
RxjHseEfxowNP2L6uH7FpQ,1,0.0,False
D3e0Caowj_1X4o6C9hzN1w,1,0.0,False
4DgDJJy9SHEmrandF66Ohg,1,0.0,False
4T6o8B6shDYGNAGQuGSTcQ,1,0.0,False
FdpVhSzIagZeWG4-bQ0xug,0,0.0,True
3x_CqRwRgiHczkqPGAwacA,0,1.0,False
r1II4XLr7CxhUYmkxAj4CQ,0,0.0,True
j9wGRZESnopncpVQKQx9ww,1,0.0,False
rAZglrxLotA9xaa7KPXV5g,0,0.0,True
-VjfykG3poz1uMwNGLgKfA,1,0.0,False
C9hftUy7Tt7Nq_wNXgsc3A,0,0.0,True
DnKFgFrKZYjDw8ex43isXg,0,0.0,True
DqkRXKzc5gs7U__d3pVKgg,0,1.0,False
dapM6NZf8Qe8YiBOpMOoLQ,0,0.0,True
vcfQI3Tq8c5_nBimuwdNtg,0,0.0,True
sDLaF6g1seP_diz_-V97BQ,1,0.0,False
9VYZA4vEKtT_SXHj-ZK_1Q,0,0.0,True
SwIuAyjuuj9bhDI7xVgIaw,0,0.0,True
BtA-rOtVfQ9Ivsi8bzxndA,0,0.0,True
ECbznso003XMWuS5jfClyw,0,0.0,True
0tKi17OtZMc8VZVWL_PXyg,0,0.0,True
FreVTvjvd6AGHNw80R7mxA,0,0.0,True
HRGW4mCXC4GX3eEMl0u3HQ,0,0.0,True
D_gzDpgOrOYkoKEA2pAt3A,0,0.0,True
qVYpYB4vSeijG8J01fOcEQ,0,0.0,True
LqfCXOcyNPzDtBgy5M9VFA,0,0.0,True
Md6b40dplJRSaxsu0_usgg,0,0.0,True
ytyA_1D1D8Ww8boVMpqx-A,0,0.0,True
R-FdsfWfBtp_cam3wcsz-Q,0,0.0,True
2QB0rK7bjym4kHT0YxyXjw,0,0.0,True
r0iusLRxzbe2zuFxqQj3Nw,0,0.0,True
9XXRokqQsjitcHuwKTA2WQ,0,0.0,True
0w3SqrrhkxB_7t0Vhr6tQQ,0,0.0,True
xLlM_nr87iX0DGX9gWQnbw,0,0.0,True
1wJ5mRNKJAw07h440oZRIA,0,0.0,True
uTW9SVXqxgjbnCTlEf9ONw,0,0.0,True
Mai85zlMd4TSNwlmZyjX4w,1,0.0,False
S3nqYgU7Y4Hwm82oKof03w,0,0.0,True
5yAXseuPBSmriSxIMnQzDA,1,0.0,False
6VaAYF0Pu1O3d-yrQSwk5w,0,0.0,True
Zc2IwSzGY63zkyhfNrr7HA,0,0.0,True
R2Qsez_g0m14LE49Ya63-g,0,0.0,True
UOdVebYGElfUaB8nDWJn8g,0,0.0,True
Z6bLYRasUVlkYyfasoJFzw,1,0.0,False
Zg7ZxWkRCY33bad2Di4-Pg,0,0.0,True
j8qsf2QbpgkUwTe3RORLBw,0,0.0,True
KPPAy6Aa2OrvqzZmI8cDGw,0,0.0,True
L3BPiRrKYldXX_6x726RYg,1,0.0,False
JKMGWsZVdKrZ841foAMM_Q,0,0.0,True
wlnbSUTW3Itz7w1NI-m8ag,0,0.0,True
5jkvNmnPs7FJVJ9OLszMqQ,0,0.0,True
oFvqnJNxHguP3iBj-jZUGA,0,0.0,True
umOU5q-ZEWQvDPNo8N8yFg,1,0.0,False
VkZb-oN3swdC-siWV0C_JQ,0,0.0,True
D5jpn_3_xZlCVDSDY3pYPg,0,0.0,True
UjlF2mpaTLSqN_ugGyVw-g,1,0.0,False
PCd22VEO3hrNsi_E2rh4nQ,0,0.0,True
CqdFe3BogaqqVy6q5d5vSA,0,0.0,True
z80ZZ7iwTxBx27PG3Pk22A,0,0.0,True
VsgXwpFdqbUaYP5PCQzeoQ,0,0.0,True
WerVnis_FH0eUgv_tyCgvw,0,0.0,True
E46c8c-hsUcfZl--HXhiTA,1,0.0,False
5fu41tfqTU_LONb95t1Dkg,0,0.0,True
3AoCAj24yffBkl1vh9lkuQ,0,0.0,True
hX5xwrbEqTTt4H-4SDOvZQ,0,0.0,True
k-FkydIzdyvg2ikcxOzGXg,0,0.0,True
rmoTBDGNi1d50aCNhmrCBg,0,0.0,True
jPuCOCHSIU_MtPidNl1PpA,1,0.0,False
kP2Kyoh1inEjznwNj5k-4g,0,1.0,False
u1szzmBt9M5s86s446watA,0,1.0,False
lgzRgoNvdz-sNHRz29LWGA,1,1.0,True
EzAen1_nwVuiWPKBj9HUpQ,0,0.0,True
SzCMZ664veIZpYp4Tk84Hg,0,0.0,True
IbO-f15bC-xAxal97GrKww,1,0.0,False
fzLqeHBM4XSphzvX1nkWtg,0,0.0,True
GkSST3Tf6t_MUBtIvgtCVg,1,0.0,False
n9c5ezcwz0k4F8_oIAjpbg,1,1.0,True
XO6akbR1s25faOzw4QZm8w,0,0.0,True
PrZYwDxnFqM8TyE6YQfYmA,0,0.0,True
EcfIpMbI8316uY0wASFsGQ,1,0.0,False
k0wmgMkx4QfsUAhU0ai31Q,0,0.0,True
FGTbFEyNmsPoDoD93T8iSg,0,0.0,True
0nSjXVmqJXkzM1o5FEjOAA,1,0.0,False
_Aqv6vqRSE2hUeK0wS60Ug,1,0.0,False
SBgpCEM_xuoqGZZ3TwXM7g,1,0.0,False
RunwU08GxESk17RlSGFhhA,0,0.0,True
U52fRJ-ssFEkXP5W8uYc_w,0,0.0,True
DUSfhO5TBjfHTAhAxo7qjA,0,0.0,True
T11YSYqwlRDC48V8-W1GRw,0,1.0,False
owUZBugX032gYls-gkSwmA,0,0.0,True
i6qZPm7iR4NOIr0m_310TQ,1,0.0,False
mn1k_tg_uhh0kZ-L28TMjg,0,0.0,True
8zdeaK3PWDsr5Kq4UOuNSw,0,0.0,True
InDMNmf_m2xopz1Q__pmjg,0,0.0,True
DPbY9v9s_FoPky3DthrbIA,0,0.0,True
3fj1catIDdJbnrprKAbMDQ,1,0.0,False
CR9v7-hJAUi1E1MePCCCeg,0,0.0,True
qCt0n6_JHHdiNCmSu4xoDA,1,1.0,True
YDB8boqAVpXifcTjJ809CA,0,1.0,False
tA0uy4Alb-1pbJUKS8FuGw,0,0.0,True
5lUj6fAfb8sIFUNi0J-H9Q,0,0.0,True
uFJwTidjlGM0x4eYc7KOig,0,0.0,True
JVny7-KIsec54pU_9gBmAw,0,0.0,True
gEAB85-Zcm8Qs5JQPC_PHg,0,0.0,True
MpDCnjYahPCBQEH3AU9Nrw,0,0.0,True
grpKIY7PepztAJ4w_RLVNw,1,1.0,True
iveFXInTUGb8X0750R_SAg,0,0.0,True
bpoUILucBUsbR3zWuWAM3g,0,0.0,True
mGWiS7YYQ9z38W-51aITww,1,0.0,False
J8mGEhhQGVWqxJVijiHQ0g,1,0.0,False
I_3NzMrJWnZVRf3HhYpxOA,0,0.0,True
mCDxCgLrtC6ehnqA2kdlBA,1,0.0,False
6po0XPnrzZATB6TSrST8RA,1,0.0,False
-I8JegdD-4huAo3z0A_ZhA,0,0.0,True
MandyVkCOm5qzmhuqdku_Q,1,1.0,True
AH2pJa2nfvxXkfFP1P-waw,0,0.0,True
-RnHetpjoz1mKVNMHfh1qQ,0,0.0,True
W4BoaArUlx-QuI7MS1Mocw,0,0.0,True
ZjwZIQM4TfFO7T7ck7FtYQ,1,0.0,False
wpEwTBZC670Un2dc0IWUKw,0,1.0,False
xpeJhDcyp3bE-SWcbDD_Fw,0,0.0,True
Fg5VkQsHRm7V1Hq9GEsUBg,0,0.0,True
SchSiNdLjuRjjrsXFeggWA,1,0.0,False
xqg3eJBQjPTeNJAk33Bm9A,0,0.0,True
0qiGyzxHr5wDDJLXbSRYAA,0,0.0,True
kF0UXyLo1XNcrbwiVq8JVg,0,0.0,True
sKJLyRMzX9qdSGKpQdxmQw,0,0.0,True
qWY-5hhhxV8TOB0tHE_6_Q,0,0.0,True
y-0uL8p5U-XZx5uHTC4L4w,0,0.0,True
V6T1QF7cv00sCFJqE9uvuA,1,0.0,False
JAToVA4vMBKaO0qxc6ntOg,0,0.0,True
PzAlftJ3EAxWTm0LTRIyJQ,0,0.0,True
euyLDi74sLAYC9z9Pw-2oQ,0,0.0,True
h54NKH9RFfbpsk0zX0flBg,1,0.0,False
Nm9_4UEQgZ8nKTtgXKTNPQ,0,0.0,True
tZXPhvufHhfejGrRp554Lg,0,0.0,True
AehBBxg4SIPIPT0XGbPuDw,1,0.0,False
XkaB5R2SZX0KXwi2jb_7-g,1,0.0,False
TJLyA2G89uG2hbyMelIVNw,1,0.0,False
G9DhtHJRTe2i2hxyf4ev_Q,0,0.0,True
EUhtBRJMjyeG-ncX1-8nBg,0,0.0,True
77pQVPhksTpz-Yz8v4bK_A,0,0.0,True
XXFyZR3MEVf1pltajQGL_w,0,0.0,True
DnZkFbDjnts5ABUUA9QuVg,0,0.0,True
xheJf3qJLLf4-Ck8ay3GFg,0,0.0,True
iKXnctUJOVxenM42ERcekg,0,0.0,True
nYThkLmsaWjLY3YJ_S-odQ,1,0.0,False
npqqPGSX7Ef1TnSEG2j0Kg,1,0.0,False
QBoynogVWpl44LglOEIYhw,0,0.0,True
UVOVOdUTrIGnoX38G8LkQA,0,0.0,True
ye2bwXJAJvfmC0VfaiSO-Q,0,0.0,True
wKSNcYb2mlDNzeci1QGRPA,0,0.0,True
9O7q7ZMyo_jbKJGu6vSEhg,0,0.0,True
Q0AADLgsYi1sFDk8jtMYUw,1,0.0,False
wIsoQXDI4X6elYxTvkD_Rw,1,0.0,False
nGsb8QS2Urlqm9HzwU15lQ,1,0.0,False
l0QcbMRUqVkX2sUXS-LYhQ,0,0.0,True
DVrZlgZAz23cd9UOuwt1Mw,0,0.0,True
uAtZGL1KFR0lb2dSui6gBw,1,0.0,False
77KYZkrX33fxEhUUQf3GPw,0,0.0,True
Ia_yw3pa-qjJ6in5dVYHGw,0,0.0,True
cHBtAzDjkNBrfIDR_4PWQQ,0,0.0,True
GohOWxd3GZ-5evFk4W0U5w,0,0.0,True
Te5dA0G1-SWKGS8nuJp0Tg,0,0.0,True
8q1sNIlPbA4VBlgoiASEkg,0,0.0,True
HOMBFwgPLC_Wc9k7Obo7OQ,0,0.0,True
hnIz3pnWm6qNgO07dIpiMw,0,0.0,True
NqaIaeSKICykFdtLIxNS3g,0,0.0,True
UUE8qu6Kqv9ZjNlsixEFoA,0,0.0,True
Bw1X7qcWTUHvKJyUN7h94Q,0,0.0,True
ylEj9Kez3VR0vYhZ478FrQ,0,0.0,True
J_bvk9-L3Eoed3B6UG32rg,0,0.0,True
vqrMlgUsAaE_3hHsPaesjQ,1,0.0,False
R3UFldNkrGqOsDgD_cw6bA,0,0.0,True
nC1MX9tdgYREmSczjcZq5Q,0,0.0,True
3C-tuH9X6x5PqGDRYn83uQ,0,0.0,True
AwC5X4i4X01tJGg5aF3zng,1,0.0,False
k-mgClq6Burl9CGIExPEHA,0,0.0,True
Q_Rwcv9APBLggk2KAsBEvg,0,0.0,True
VAlzQ-qJsSoTcJTc_1Pd1Q,0,1.0,False
8j5fks9FJvMeqPqwLDUX1A,1,0.0,False
CXlwVtnc-BfnG2Xi7wBCow,1,1.0,True
oBVS96DtPGk9GU8zPx5Hjg,0,0.0,True
g1BKlnDpxVpW2koJr5Z2ig,1,1.0,True
p6NxiO9noWAYyF5QYaKOMQ,0,1.0,False
8vJoAJn16kUQ6FrjhNPhfQ,1,0.0,False
pEYJpTbqCQLtSH_l91GbMg,0,0.0,True
n8Yb7-UjinjEpf5-qqlqZg,0,0.0,True
cy_6t39r2fFZN45Dz_SbbQ,0,0.0,True
EwVBiaXu13SQAZfV0cddWA,0,0.0,True
oerixQiFOO0rzaPkjkDNTA,0,0.0,True
yWJxSAVa1lFx15g7Ws0XAw,0,0.0,True
YDeM8-M4GwxyymCoV7Y-Tg,1,0.0,False
14Vblulf4FcO_i2DCCdxIQ,1,0.0,False
6O5HgEDYEKWDgZwhM6Vv7Q,0,0.0,True
mrMjhmzR49py1XbToFnWwA,0,0.0,True
uzQ3iC4snU6wXb2PF6kS7Q,0,0.0,True
Wdwwik2qW6UyIAYIJGFLBQ,0,0.0,True
9yKzy9PApeiPPOUJEtnvkg,0,0.0,True
PBW7XBnNZPsWXd39isv5hQ,0,0.0,True
a5hcplj-WchHky0izly9Ag,0,0.0,True
Peth2zoTKPvsKFKjEm8FvQ,0,0.0,True
Fek-Wu2bXWMA6xt4RmOsrQ,0,1.0,False
jTLABWcjIjR--PqAfVb7rA,1,0.0,False
_qdEP87mBnGe6w4OIfHnng,0,0.0,True
THKEfu-Inj4UGVwMChoNhA,1,0.0,False
z1CjVXv6M6RbWhZO1lIExA,0,0.0,True
B5r7ThTRABAQjEwJtfMPcQ,1,0.0,False
ZjmuvTiaXg9jyATgXItmfw,0,0.0,True
r_r9y55jtwPMV1VMexAKvA,0,0.0,True
0ug7k83UJlOOkiFMcLWjNQ,0,0.0,True
KjBAUYy7m4vhSoFIrz2WjQ,1,0.0,False
skrJ4DYX_e0AA5HPEAh-UQ,1,1.0,True
dX2iuR82-yhty87Mm1P84g,0,0.0,True
R-uBWKTDv8FS3Scskr6UCA,0,0.0,True
3nmCBaGyYl_KOdXROdWuxw,0,0.0,True
8Eun-8dYZgIONomwm2_Cmg,1,0.0,False
xzFrx0MTSb0UV4qrYjUtrQ,0,0.0,True
Um41Ilyo3uJxTD02D1XVQQ,1,0.0,False
5wNkjmhOrBwC7KMFykyfOw,0,0.0,True
7eYbf4F9hNq6BQhUnLrWZw,0,0.0,True
-SNpLwJNup8N96yq7sBJyw,0,0.0,True
T4AyBSffvi3prLrw0H2enA,0,0.0,True
9jDEushRcdf5ZGoQLE-aIw,1,0.0,False
AW1uq13zFslTBoD6vL99Bw,0,0.0,True
9JsUxFmCRNW_0d1Ey8xD2A,1,0.0,False
klSGYQhO24piw0WQVIIMYw,0,0.0,True
oAxR0TJhPHMrN_hjQWBWMA,1,1.0,True
-V44Z21fJclQb3NJRe-4dQ,0,0.0,True
8g2Fx-JyTm7e-s4msxPryg,0,0.0,True
YyDc2MlVjuSHI8W85MTN5w,0,0.0,True
WUHObuGlSSjg3Mh5VfaJ9g,1,0.0,False
HCslhr1qmKQHIboSFZdT3Q,1,0.0,False
8W79MdW4IsQbKZWSBx3cRQ,1,0.0,False
TWNjTof9SeYi3I-x53MpGg,0,0.0,True
jQngya8LiAYi8EE7XytRtQ,0,0.0,True
LN5jymLWw-_eZY_tyj1cGQ,0,0.0,True
bhoSI9mRbO9SI27xaAwX6g,0,0.0,True
QlF7GnyJ-MdM7u4WArz6wg,0,0.0,True
MHcFKThGZc8JqfJd3lyLVw,0,0.0,True
TrXbGQmYUWtLLfzZcEe6Cw,1,1.0,True
k8Lj9Ku9w-gCcKiu_uyh9w,0,0.0,True
2zXqFId4jYuk2K8w1KI-Qw,1,1.0,True
KnwAXsRgmTdEGdOErYhXuA,0,0.0,True
HBkObktY3QlXYh8o_yFlfg,1,0.0,False
rwvAcA9n0Zs8QBtZXs_TDQ,0,0.0,True
xzQpuNNh6qxYuByznyJ3zw,0,1.0,False
Tosy5MgTLWW9FP_HCaiKPw,1,0.0,False
nbJNJldulixu9jH9EjHPgA,0,0.0,True
kGhwcN6hgxeJEZtNrKJnpg,0,0.0,True
oVw6tN6wZHbXPaggW5Hn5g,0,0.0,True
Lgyc-00L5pAELhjwUjAz-w,1,0.0,False
Cg52j6gXJ3AFmuPKCCMfew,0,0.0,True
SOMIalSJTUb2yGCe4mhg-A,1,1.0,True
40Sd5pjsCLXZ0J21SkU08g,1,1.0,True
q02Giy2GKDmfG43XbJisQQ,0,0.0,True
kjyQmIOPBJslu0IAsZS7_g,1,0.0,False
776VOPViqaVniFIVttChyw,0,0.0,True
CdqTxe171tKTOkk8T15GGA,1,0.0,False
yGjhTn5J3PMtr2bmi1Q2sg,0,0.0,True
zpTGqHPUaRn36CPvOfOzzQ,0,1.0,False
n25AWEdWRaNMdMI_uN_VOw,0,0.0,True
Z9jzyD2k5w7xJKNForNM5Q,0,0.0,True
wMRx5hvL9_739HYiFLw6Hw,0,0.0,True
YHGpemLe7cbnPSubG-cRRg,1,1.0,True
CSqCXz-vndUhmhKjzJEkLA,1,1.0,True
KaYEq9dqlmxEPnDcRJZBUw,1,1.0,True
zblaXjzHKgT0yLZpf4bg_w,1,0.0,False
jsMv_hb1tzP9Olssu1xAcA,0,0.0,True
VX2Jw-AxnE87KS385HDuWQ,0,0.0,True
X4B9b-0zEClDIiN0AyCdcQ,1,0.0,False
f-HHZVt6MIahMSs_ISLmOQ,0,0.0,True
TCBqy5U78N9AFxSS8v8otQ,0,0.0,True
eCDUWNT1iQHrhb8JzK1M0g,1,0.0,False
ORdiMw6-FciDwpC5qnTsUA,1,0.0,False
blgSBn3CimrCHn2SuZvcZw,0,0.0,True
jqMWeYMVeqnvHNeMd772Ew,0,0.0,True
Hc0gWtNcjh9Ouu3olKALsQ,0,0.0,True
SVHfa6EqoRDc-hfrNsbwKQ,0,0.0,True
AhDXwtPvLGWu1hX-44Uv_Q,0,0.0,True
G5flQ7qs-jCS9xBWTJRtLw,1,0.0,False
mzgONKPTnXN0NKVxoJkZJA,0,0.0,True
Jfr_uO5gZGJVotPFT3AlCg,0,0.0,True
S10V82tt-8EzPF3Y6O7ZbA,1,0.0,False
dOpldzgZ82-_79dSlHsKUQ,0,0.0,True
uicUxmLWLImu1caCQchTnA,1,0.0,False
FYXut4Km0FzvFY3G0sYwgg,0,0.0,True
8dEJ_o0UgGrNX1ejHcuZjA,0,0.0,True
GlW_rj_6DzBg7FetlnKl0w,0,0.0,True
ivVVCPUm9mmU6K7xR41vEg,0,0.0,True
1uMGAlDue1p2G4A4ei4Txg,1,1.0,True
CWkZy98M36YZRnar1O2P8A,1,0.0,False
kSwNxEvsLebqoxL69yzkXA,0,0.0,True
JPr05X53UjbG1qe5TR6HYg,0,0.0,True
OCXnwXY6knlIkvz-WR1L0Q,0,0.0,True
eIJ94WLGc2EzDgqayFjj-w,0,0.0,True
6SfP1I_hd0UbPlyQS2N-6Q,1,0.0,False
bseKVnOu_Zjor8Dgukb1eQ,0,0.0,True
ZT4yweuACGHR9KtlqPJpiA,1,1.0,True
4cVPuLZqtM6WojhdNkOBbg,0,1.0,False
_XtJUUgt7CpXlb_u5l2MWg,0,0.0,True
hw2Z9dfAYa06UDzQkOi7gg,0,0.0,True
pLm2CgOsG_M27teEUIuKVw,0,0.0,True
6HXWrEYbHDxfao2slIdrig,0,0.0,True
DhDCnjPyZGUN3x5WzluRTQ,0,0.0,True
iohzAkFe7wrcpRNagpAmbQ,1,0.0,False
P4r-LsB1ldgvlgli40Yu-Q,1,1.0,True
_UrbZpgCq638dWrS0Vly2A,0,0.0,True
U7UZzI46lSHblzcckkJCyQ,0,0.0,True
OQlZu3HphnsZJWuGy7reSA,0,0.0,True
U3FZfxY-g6SgQf5ZT6oU0Q,0,0.0,True
NzRgdX0hyaclilZwYHx-wg,0,0.0,True
wSCWrEqPD0RgOepGIbUYnA,1,1.0,True
MItBw-JgGp-1IlpRxzjXWA,0,0.0,True
oQ65JGWkpGiGrhylUjQjJA,1,0.0,False
DAAEXhSScuMAPKbZlY17LQ,1,0.0,False
1k4oV8rXGU_Pdeiqn0sPvg,0,0.0,True
qtZHN5dmx0ma9zFNJhEy0g,0,1.0,False
NzseUN3y3g9BXtsUA1Uyxw,0,0.0,True
-xfC8kvDn3TN5uhkeTT0JA,0,0.0,True
P3TuI95fj6uf-v1puQrkGw,0,0.0,True
xVg9m8i6aW-NOicaBZqpxg,0,0.0,True
uVIcl0xxNFizRlHDmn_xWQ,0,0.0,True
ez6Qe4PY-9cEGPJoAEHRuA,0,0.0,True
Ehv8BEhWaQFDg5mjOvtFBg,0,0.0,True
iL3oi5msyKjvJ1opSc-DHA,0,0.0,True
fnIWayvlfQzkimL8ibTIlw,1,0.0,False
wPA5gSNpAnRj4rUXFCaNfg,1,0.0,False
aa2IDrBS_HSSYoiWr0jPlg,0,0.0,True
a6TFoKHY4kLbe9PJJR46Xw,1,0.0,False
7LGjM8HKJTwqfYU3C7N_0w,0,0.0,True
11NjTU-TnxoEJICfsJ44Rg,0,0.0,True
0JS32I8PvxfVIAqS77jcGA,0,0.0,True
fi6Av9wAUJqBGEBkppZ3-A,0,0.0,True
pqszb-x2EalfCRFvOO1SPQ,1,0.0,False
NEiUmryHP4ob9Yv_iJ8XpQ,0,0.0,True
TFvvI_MxoTg-rNHpvh3QeA,1,1.0,True
tAlfFMduWAEXhT02L9H7HQ,1,0.0,False
T4xDWJmncwuJ3P2RPczAfQ,0,0.0,True
x-4BOw1IIauM7GhYpTKhtw,0,0.0,True
etEHa4Smdqn7CA8Jy9_UJw,0,0.0,True
EExUrv6rX1ajgayj8oP7yg,1,0.0,False
HwwEfnZKLNOUoqfgcwAgcQ,1,1.0,True
-AEvCwVegPstHNAkhds-UA,1,0.0,False
79X0Nxbb0kTLtOtp_z_wcA,0,0.0,True
sjCRI-lCh4KLO_RYQdlEeQ,0,0.0,True
kNINeBoMawMbQd5cEEjmHQ,0,0.0,True
iMyHBU0QB7MvTbpeK8tybA,0,0.0,True
PU5jA1bzjbNCyFfCmjqTlw,0,0.0,True
jy4-gm73tseqSvtqSt9pZA,0,0.0,True
uiadM74nDbEPGeGQFghK0g,0,0.0,True
iF2NZVz9kF3dxISzGiM4DA,1,0.0,False
v_aTapvcfKRL6O5au6Ru5Q,1,0.0,False
2yFs12GaXOGlYTKKm99NlQ,0,0.0,True
I4Ffo70mwOfFonwR4vkbVQ,1,0.0,False
GyB_gfPDDwkmalj8zE_kKQ,0,0.0,True
I-YxOL_SUAzkn7Yv8G9-Fg,1,0.0,False
_AtU1W9qnTHHtLTPGKxc9Q,0,0.0,True
mWbsp6UeD_I7zNQAjSc-OA,0,0.0,True
niPFXq4r2mc0zFlOpWV3Eg,0,0.0,True
yoA1tCBRrUt4a65CSjNHJw,0,1.0,False
QEgP-kDuXD2fQJHBm3HoFw,0,0.0,True
5hySp8Cm_Rfa1an8uOx4Nw,0,0.0,True
20uQNpe8eaakOPDzXP3Oig,1,1.0,True
tlzocZzhKo1SEL4HZ11Oig,0,0.0,True
YkKEsYsSpOkDBbHBGKuWQA,1,0.0,False
S-fNAS3auvsDkAl3xcByeg,0,0.0,True
9MT5gEtM2S4zRkPbKWmlsw,1,0.0,False
-FK47t3X0ctRNSSmZeFFQA,1,0.0,False
JbpCMPizjh0UpJB6VNboIQ,0,0.0,True
PshnVvcEp0y14ClCR0I9BQ,0,0.0,True
8eyCwj1ZfwSn3fDvnhToTQ,0,0.0,True
LUylwiKNsS7_iumytRgAmw,1,1.0,True
0vHJbmk2q6tSxw-sMD8LAQ,0,0.0,True
Xbf8gDphTbwwMOrxYW9rTA,0,0.0,True
jS8ukLDjUz_wLyYE6LLkeQ,1,0.0,False
tLGZuCf_PPK-sGPS66_RZw,0,0.0,True
EwjDhE_19ELnkgVNAERUhg,0,0.0,True
Zj6OWyxVFj7wrvFKG2cplg,0,0.0,True
02x2718IT2byB6i36m-0fA,0,0.0,True
Md8nUztaF-r-2FwzcC9ThA,0,0.0,True
h9W_1JHeYMqtXsSthBeyDA,1,0.0,False
_fTwf7Oo5DqiCpgEhDZ9VA,1,0.0,False
vTjwSPEpaPdqUtjPk7lRyA,1,0.0,False
yLa-Qp45lqfwdebh65L3HQ,1,0.0,False
GGJ40NHgrrhgb2kWfDo0yw,0,1.0,False
h7RI7ahTT02Sn7BrONqPkg,0,1.0,False
z3gCv_OlMokvrmEXn8rp6Q,0,0.0,True
A7A97vyr5t7e8zrkGCKndw,1,0.0,False
_RBUU1y4yJrK0SPAd8z0-w,0,0.0,True
n8c0VFgblm8p0jqLbWxsIQ,0,0.0,True
8YqAsWaEKf9yXY1HYomHNg,0,0.0,True
sBXIhI4f4b78HKjR5VPkUw,0,0.0,True
VQfgDlFHy7Cvc40Gh2LUew,0,1.0,False
TXysymbMWuKD_U2LI8yVbA,0,0.0,True
zhR012MuaxobVnq0aRVRng,1,0.0,False
paettzSh7Svvsn6mRSGdSQ,1,0.0,False
eNpy0EsfNdcgGrzfHtHIhw,0,0.0,True
0eSkAhHp8w94G4SqwfsU8w,1,0.0,False
Oq6auTf00XU2s5CJKKa7PA,1,0.0,False
X8P2i2tyhLSzljdliBFBrg,0,0.0,True
H6tjP7isdektnZHxCQIywQ,0,0.0,True
EfbKXRj9PA1FCfU575bFnQ,0,0.0,True
YQghC8GIevfKiMQXtcaNEg,1,1.0,True
YF_PKnxgRlo6l33yXJ9fcg,0,0.0,True
G2OzMbrC4ql8GyRV9PfjHw,0,0.0,True
l5-Svx1dgLN661zx-ilLFQ,0,0.0,True
d9M0d6h7XA5B7BEQTPp6-w,0,0.0,True
b-0bS82UE1q_Bv1IOV0tJA,0,0.0,True
Cim_HAon3_QyNDHPfGzw8Q,0,0.0,True
Su2-lf8TbowpHZcS3XIRfQ,1,0.0,False
4iMQGPFeMhbduKTWrwtWNg,0,0.0,True
Ui46RYGiMnEB-MsuevoXcA,0,0.0,True
rfDTJLEwZZ2EGOZiTDdqQA,0,0.0,True
rE8dkM93nSwiUeQt3kTOSA,0,1.0,False
z0xEfgr1-lDqVatrX-rf-A,1,0.0,False
VQqxTFrycgV6v_bEA6v4Zw,0,0.0,True
WIlklz81DcJkUWJThbnJbQ,0,0.0,True
67MY5yf6budF8bssFTEgpA,0,0.0,True
yghonKu_3q4Iu08HbNsyOQ,0,0.0,True
vLEKoS38pwCXkeI2cTnDng,0,0.0,True
enbTOcl7WNgsjsAtmhvDRA,0,0.0,True
0u0I_UUbsE6kc9so_WlBRQ,1,0.0,False
CXi1eCpVyCEu-rQ7p1fTsA,0,0.0,True
lliksv-tglfUz1T3B3vgvA,0,0.0,True
bN3IH0fy-GeaDMw7uXc7yA,0,0.0,True
bhtt6q5W4oi-dpWz9skvJw,1,0.0,False
UgoLbdEvSyO0o7tgcDFVdg,0,0.0,True
IrKh06dXhLyiO4dVHGnLFA,1,0.0,False
yWSeJtoRz9SJCMWtw6KacQ,0,0.0,True
F14WDg0i6yZwXbflJ8ndaw,0,0.0,True
wQ8Kno0fjng7PwF1CjZe6A,0,0.0,True
93hdmjYc8IXsf69VrkRHog,0,0.0,True
H9sWBAMvZFbSxbL6NmHyQQ,0,0.0,True
s2qOAgLrSnRbfSZU0_zIBA,0,0.0,True
bsEJKduEgoBhNNNHO4ZHEw,1,0.0,False
L2FNrbAAWwDA2Qgks7LVYg,1,0.0,False
eOsaMm8uBnLIdjxPRd6MRw,1,0.0,False
YG41q565jH3Z145YqD7QgA,0,0.0,True
7oq94zFeIx169iLXa268XA,0,0.0,True
5vbPhDblqpXNjg9IFriXjg,0,0.0,True
_zS2OuydxZXoO8NB4NEAJQ,0,0.0,True
7161LoLb-XiVjnAocpYUJw,0,0.0,True
b0tMnz30rfjNPaeqWz78DQ,0,0.0,True
bObecQabUijQx5wonxlGQA,0,1.0,False
ZpZDTqbAkEt5VIcmvILg8w,0,0.0,True
BMnG5WBW1UyyjrzTYbF0Tw,1,0.0,False
a01JeGRdPYArzDgBLP9M5w,0,0.0,True
KrpzkbFvCTcM7fPVZN7h1w,0,0.0,True
At05MsdU0-aR_LEwu_zDsA,0,0.0,True
ILm0LCXrDGs_5aGa83dgfQ,0,0.0,True
02by-UgE3nH5q9lebevnrQ,0,0.0,True
5IcTMruuo3VpRNc7HeYI8Q,0,0.0,True
V3P4YnU1x9OttGfY-VfmOA,1,0.0,False
nHxi4UjqWOLRidFNnoccAw,0,0.0,True
3gPEKDsMklt9-W-EPDj9ag,0,0.0,True
pIumFC91l9i8TCApUlnhkQ,0,0.0,True
v1jRhfoNKW4qpLhqhI8ApQ,1,0.0,False
ky6G0NMJZg96mfXpgDiopQ,0,0.0,True
_IvpTTh1680ipO-Bm3murQ,0,0.0,True
chQMtE0iF9CHr8T-ahkrKQ,0,0.0,True
HNpNGkmwL5SyFPqCJ-dxMQ,0,0.0,True
9-ZxAHXEMKkVnpUZ87Nf4w,0,0.0,True
gak2GGkgucTsnsbEanCb9A,1,1.0,True
9qPMGhdVhsltbuBssHUnVA,1,0.0,False
R4zcw0jq-gMgDtPyCjwnew,0,0.0,True
z8eZR3tKIXIo2X9rEd9p2A,1,1.0,True
mfMFXn_v6eyezCnWgYlmdw,0,0.0,True
88lstTJjvX1gsJ7OUBO3iQ,0,0.0,True
ioXu3MhPt_v8f5wTWJX4ag,0,0.0,True
udmb-UuD3xoueQ55INQFRw,0,0.0,True
1O_Cxkrk0uD_SgId3KaN3w,1,0.0,False
dT_epUexjLh7s7fTCy_cNw,0,0.0,True
AIoafM-6VLIk_F4EN2ZjDA,1,0.0,False
EbZ9NzPyGZ82jGDFXJhCRQ,0,0.0,True
htsJHl2YcqwPfIbQkXrXrg,0,0.0,True
EaQ5sGpc9XlHcHql-ZkkBg,0,0.0,True
AcjaEcJkm0Fnld-obqFtqQ,0,0.0,True
vIPNamLZH5dnIMFXzI9rUg,0,0.0,True
1p-heasUTEGfwec2o8KhjA,1,0.0,False
KKQ5hirwBMKOyLR5sm8u9Q,1,0.0,False
QjRviSpE_dMEuSX-fzwrMw,0,0.0,True
YuEdJcnZQv8XXAoP6GgClg,0,0.0,True
m75P-f8z-tIN-_g311811Q,0,0.0,True
WlOCinE4LBkXgAIvP-D55A,0,0.0,True
E4U-j1b5U58fLNVFTqKCXA,0,0.0,True
_xXd4JjcfGzpwr2cPVkXdA,1,0.0,False
03m0CGFwEInR8ZBGrqmO7w,1,1.0,True
oY5WmupyC3Rj_aGKoV7Ncw,0,1.0,False
QDSPPfiwdCDkmpqu3Sshbw,0,0.0,True
kRzIIXIrin3n2xE2JQxEKw,0,0.0,True
lha64ezWn-LpDoyUwSmjBw,0,0.0,True
0CpLn6Sx7Gxv2_hThX3qzQ,0,0.0,True
GzSAC2r1jYGPGbXyPx7PAA,0,0.0,True
zJ7O8Ef67apWQENUgVpxNA,0,0.0,True
KIbFaBrZDX7rrYJInkv5Kg,0,0.0,True
DN9rQhcXvw4iGyBUgqQVvg,1,0.0,False
e4ARfI4n_TGGS2rTdDrR8g,1,0.0,False
RkXFIY3ntK74o1-2SCwnFA,1,0.0,False
SIUUZVhExiHjxRnFsRpYEg,0,0.0,True
0xgZNzSpKJgrZTDH7e6DfQ,1,0.0,False
AV5UNITA65DSNqYr_mhtbw,0,0.0,True
1WZi3bBMy20SEd5lnlbG4A,0,0.0,True
pr62DwKHSH4QzJkz-1be9A,1,0.0,False
RkZIVN-Wyii8he3oO7GdgQ,1,0.0,False
J8Z90BG7gkFaaync8BQjHA,0,0.0,True
c2WLZLpvNG2VLOfjjqKrkw,0,0.0,True
-sV52FN-D-I808tyRPEvwg,0,0.0,True
Ytd34MWCwHzTBGH_Qf52WQ,0,0.0,True
quC5RWW7jSqVHGw0YCbwAw,1,0.0,False
PDLT5VfsRQWQPxIFG1KAWw,1,0.0,False
y1l6cne46jp2oT8YJEUuMw,0,0.0,True
U40TdjVajEY6FW4acRPbKg,1,0.0,False
dn5OvhtIMbSss8Gm47MSIQ,0,0.0,True
S-qK68-zF2cBCUjkY1uV0Q,1,0.0,False
SdVDnb279GGs2qAUSVz05A,0,0.0,True
GlNZ2udBg88OBd7-9lH-Cw,1,0.0,False
tsMhwVIQciCs-fy0ruFAng,1,1.0,True
wkpJsLWPizlb8M0_418Qpg,1,0.0,False
LLMBLhZrjPks9-Z_Hp1unQ,0,0.0,True
ad4lB2LM8MnbO58UBu_N8A,1,1.0,True
oU2VAbDtajpgKZjSe3WWtg,0,0.0,True
ejyk1JTIn_GFE7huvFse1A,1,0.0,False
Xo8BzgRuJbODloZ0XoBr7g,0,0.0,True
OXwKBaV74IM_VduC5OWV1g,0,0.0,True
XsYC-SP9XsG1K6WqBha0gQ,1,0.0,False
X3KntOlUTkVL4KUKQcPehw,1,1.0,True
ilnAFVGDxDVePJZ-axgSpQ,1,1.0,True
93fEJZYc3B-jOMaXce7G5A,0,0.0,True
xDsnQkMPtpZQiMp8nZg5Yw,0,0.0,True
DUJtg-P81WUq5l6D9WfXMw,1,0.0,False
f_LjfUNjG_Ai3ao9AygqHw,1,0.0,False
Pyux1E3-JUfZhDFHPO2PBg,0,0.0,True
cAPjkG4oP7EC34wIqentgQ,0,0.0,True
EUr0vtwmoeKo3uWYxxUFiQ,0,0.0,True
aM4IoQFjiKdrDKxMFh09YQ,0,0.0,True
p3xGvsMh_MmII9de9BFlaQ,1,0.0,False
7s3RGq5NmfAFDKrrrm1xuQ,0,0.0,True
QK4X1l-8_lJQ3LzBIqOuOQ,0,0.0,True
NvL35mHpScWI2wnLPmYQCw,1,0.0,False
Db75Zr2zrKyiWzVUPkG2OQ,0,0.0,True
vFCAzM6oQIAVG1kTuukL-g,1,1.0,True
bfRqv0j9IywZhG9WDxZgHw,0,0.0,True
t5SIEwWY97vkxOFSrhkgCA,0,0.0,True
X7lGjrkrAkwtMOQbN-S3tA,0,1.0,False
EbPRhH4DnwRbcVxHLM5HoQ,0,0.0,True
ar-6W8OSrY5v3n2JbmEqQw,0,0.0,True
CYsfoFgvCyndNNnCn3NH_A,0,0.0,True
uhGnQjhodEBc0VMI-OBeHg,0,0.0,True
toaTvg00twp1w95tDuhU3Q,0,0.0,True
bAew9nt-tw8YGjjD64gVWQ,1,0.0,False
Ig74RHJuf1DbDmJNWQ-HpQ,0,0.0,True
toOT-772gqKa4HhcIfzL2g,0,0.0,True
8_HGHlHsNdCnTsLQYHteAw,0,0.0,True
-nPwp-pg-pTEO2nqo1h_lg,1,0.0,False
Mo6dmIMW2rVW0apZTzrM6g,0,0.0,True
VU9WjRX0DfqodzAt27Z4gg,1,0.0,False
smTAygd_rw0RrJB8GDULFw,0,0.0,True
beZVUfO1d2fS0wG8Alrvhg,1,0.0,False
h7R_IMg3nss8I5nV7sbmfg,0,0.0,True
7K9SJDy5Y0iLtCBCKbvS0w,0,0.0,True
NGS3sUAs4pe7slGgOFJkig,0,0.0,True
yktWUtKBja_Lzk3wwR6RFA,0,0.0,True
kCWIzY6yk-cLE0x4mgfFcQ,0,0.0,True
nlYBTPNEKAE6EEz9OjNYFw,0,0.0,True
4HQzNmjeS9GkkFemBCJ95w,0,0.0,True
uWfa3Zog9dNJwWxw8mhXog,0,0.0,True
-lSEon_XnNksSnFy_NoP7w,0,0.0,True
Poir4ntEii1kyDQDESonzw,0,0.0,True
Pt5AYjhzoU93biVeVahLKw,0,0.0,True
_GnpdDmPqtrXkUHZ8YtvwA,1,0.0,False
1hM6LnHSUfdjszTYSvZ72w,1,1.0,True
72ngj2ky908bsW9Ae40R0A,0,0.0,True
AUlCOccSZz5G62fqmf2AYQ,0,0.0,True
drDtTQchmxfhIjDy6DY03Q,1,0.0,False
7Md1SGv3Cc7BMON117u9pg,0,0.0,True
oCi-_sEGElBCP9ym7JDkjw,0,0.0,True
iQ7zpXQfcRE3Ld5tjMKzJQ,1,0.0,False
pgqGHUQ4y6S0WMuq94ToBg,0,0.0,True
YhBJajLay4nmbOqGsn_6aA,1,0.0,False
EB73wgk2r2A8mBtO-4Shsw,0,0.0,True
E4AkhjuG-DY2DTcBrkxkGg,0,0.0,True
O-FIwYMrM2U1ePPh0NmEBw,0,0.0,True
xkjlR0yVjKvjlTf0HaXvhQ,0,0.0,True
XAyt_8k2gWoKkhf6tYmu4g,0,0.0,True
lvDC465Z-ovI-PQ5mAj64w,0,0.0,True
UtPEE7QW8AWeuBfeik5t0A,0,0.0,True
mluXr2s7UlY0yEftjB5T8w,0,0.0,True
wSqMCOmFfWF26ydLmtj8jw,0,0.0,True
1xJVoVsHKKXwO4-vD8MXmw,1,0.0,False
yhsihP0FqK84X-hbOm8bVw,1,0.0,False
mY3l0hqy2aayUWRjIYpBVA,1,0.0,False
LVbQSxMzqY6ZiV7oRz710Q,0,0.0,True
DFIofYg1kT6abg1O9LFZZQ,0,0.0,True
PAnAESd31yKDVtmxc_w8BA,0,0.0,True
i7lY2Ip8dEIkyuI75vNO4Q,1,0.0,False
p6DMePBAQaHN9UCQRqN59A,1,0.0,False
huaU0cI5spApTVR88FFhgw,0,0.0,True
UgQNnbLyi232t_AB-XhjYg,1,0.0,False
z0rAS1Epu8VtVunP_QxbmQ,1,0.0,False
HmsuR4Oj_Y6c3RTIYQdJiQ,1,0.0,False
9lWgWAARYLsSL-g4kpn_gQ,0,0.0,True
-XUa7dRpAGjITp8cNTJsRQ,0,0.0,True
RiJ7ERp0UkQqaOFsrSP4zw,0,0.0,True
apymqhTIQ6uxHkil68o8NQ,0,0.0,True
5LVR-0X-12SE8Bu4XFRZlg,0,1.0,False
yMzjfHCd4g4BZv3ol9_6FA,1,1.0,True
pU8beAibeYjH5-KTsJqVYg,0,0.0,True
KhG3viQU9-koTJbmyMAucw,0,0.0,True
MHW7679koetjRQIZyVZePg,0,0.0,True
rF5uvk0-2_N60UxJ1NRl0g,0,0.0,True
bctAeRstsGS7fNeNR5bIvQ,1,0.0,False
siFw3cNWKfFL14K3aF2Fiw,1,1.0,True
ivqKDODdBL2xSQBSfbZ3Mg,0,0.0,True
FvXVLmFX1BZpu5CjXZgA9A,0,0.0,True
tnHvCJ6kYQ1droyl_6Tg4Q,1,0.0,False
0_LZEAYsexEZS-OFTjdjNQ,0,0.0,True
WBfJ4HBd-uCM1_0PdDfsDA,0,0.0,True
mEf9UaZFJDvog_0zd4y1MQ,0,0.0,True
c9aGFquQaVjcMU6mql-JLA,0,0.0,True
6_QjplxfPda-CxP_hAWj9g,1,0.0,False
nd1hq7xxzrL_s420QqhDjw,1,0.0,False
zLsXQJ-EFrRvuhdnScpZ-A,1,0.0,False
MJLe4pP-0ZOFHuFt0CIoRw,0,1.0,False
u0-oDdRw8O9Pb6LHQ84SWA,0,0.0,True
h-o-fNBO2ojQQvsOG7UbDQ,0,0.0,True
_GKOgQIjIy2eigB-4qjpBA,0,0.0,True
wnpPDv1r-nq9RJ32eEdOlw,1,0.0,False
fSJXsu9WKB106A1CSQQYsg,0,0.0,True
DR-wAlEv5E2s7uQrbgnzwg,1,0.0,False
F0vzQykQKzdX5TdHdOA48A,0,0.0,True
Hm0bt2YEDjjT04ne1ZjJNg,0,0.0,True
xEvEuwwW7fg5g9aYFaJV9Q,0,0.0,True
oIwaoCzWY8ZtcF0NaZ38Ig,1,0.0,False
GzUAVsX6t0AeEej2TXSLcg,0,0.0,True
G6_Ef6PRaH-XG1m2CjF1SA,1,0.0,False
AlspsoZqH1LGCIBgnCAEuQ,1,1.0,True
StWM1Lc3pkJ6sRDF4T4cfQ,0,0.0,True
JwkYf9wctZI0dSJsjHeVeA,1,1.0,True
egky1j0WUGf97EU4fGXLgw,0,0.0,True
dCvOHs5aRRnAN13CV4tB5w,0,0.0,True
RGx4HWQWNTpK9vIpO_RFpQ,0,0.0,True
_izZ_euPbjphpiobMkLzSw,0,0.0,True
vA-hUwKX4GqqV2fEn4gxAw,1,1.0,True
2AXZ5SRdrtEiHAuZQ_1G5g,0,0.0,True
VUkQrhwFxVnD1rIOmM37cQ,0,0.0,True
-bah3E0_FhBxqS91CzTR1g,1,0.0,False
5GpvSL1tlAjpgdJKZ5eLpg,0,0.0,True
0VHXNBdx-XIYUAob6QgtPA,1,1.0,True
QRp2pJppKkmwIzZkFMDDnw,1,0.0,False
XDEO5lVo1WH1Jl2Zl9_wFQ,0,0.0,True
wzK3QuhmrRrx6D0fRGjRZw,0,0.0,True
sFVden9fnSQBUrmfaGLiSQ,0,0.0,True
savq8liqcJv04-A3cFzAfA,0,0.0,True
0pikmKdTttjRlDHRS68z0w,1,1.0,True
pMBxvWFY03Z95jNVUVWGwg,0,0.0,True
NuaR2exSG7QLScBQa-A_Ug,0,0.0,True
Jk6PigLJDvD5LYsh9h-i4w,0,0.0,True
_zAaElgmoy9TFRGtRrwwyg,0,0.0,True
EbV3aMpsy14Q2NXCQrJgkA,0,0.0,True
P6WsyvsKyPWB4Vl4E2Pxfg,0,0.0,True
tloJyPUT8DxvBCe_JPLb4Q,1,0.0,False
1gyztgqbLEGnBY9wJCQKRw,0,0.0,True
Zcb5wF9ZOiUB8YSNF5IlhA,1,0.0,False
z-4TlEQcyzyf9t_S1DoZ0g,0,0.0,True
1JVByQC9vLLZbK3yT_-KCQ,1,0.0,False
pD7NzevYc6HhYu13wCxiiw,0,0.0,True
PN8Yg1K3oRuBT0-wgVC0iw,1,0.0,False
UdTxeQ7lzMKDR_MmfJjlog,1,0.0,False
x4t0-Mm77q0Lxn5R9HCkgQ,1,0.0,False
fSmqMsyP3L_zqpFTeYsEYQ,1,0.0,False
O7zS7fvyNcq91iFABSMudA,0,0.0,True
Q2VnjIfwLcmZHX-YKKsdng,0,0.0,True
iYzNPgReXEPXInNtfj69Bg,1,0.0,False
bBa-yhJhur5jNlP1BwtrwA,0,0.0,True
KeB7A7vUQG1dg6a0R43khw,1,0.0,False
vrHBeCEJLqz5MhmPERVg9A,1,0.0,False
AW5lMwA8JoOt0aCjNLUPMA,0,0.0,True
_ohbwLmT7WO6CXgRLx5xlA,0,0.0,True
dW2vHfsp0Tibe8s_3YFf0g,0,0.0,True
L7-QZqFrlcCv4Pi1ysDGWg,0,0.0,True
HWg7VdgA0E75C31uzmpO_w,1,0.0,False
C51teWZIJIEGVYFTijaw_w,0,0.0,True
YIMRXvVJMI2RYMFDJgjTyA,0,0.0,True
W010P4plDADjo2SFq3OvXA,0,0.0,True
7xV-hmdC9nLLizn8k5hVTA,1,0.0,False
ZL4N0P5ogHFyD-XL06pDTQ,1,0.0,False
4WqOGw9oWQvRAfsWc2Sr7Q,0,0.0,True
A6GCupkHkaCm-3bfFXTQUg,1,0.0,False
Q5AOEpbPSeixtEAR6l1vEA,1,0.0,False
JiWGjXYrq4ehNeRhKSZqcw,0,0.0,True
3FhHnU7Mq8KcyWiWKH0RzA,0,0.0,True
-i-MDrKiW2ImO13xTa9zjQ,0,0.0,True
LYRAX4OZPGD3DRJew0zW4g,0,0.0,True
81T7GQsH81HU76TaRPwx8A,1,1.0,True
h2f_-reAFVtDvPTTUCqmog,0,1.0,False
3MzmlCCifvQJCUEfUpgUAQ,1,0.0,False
fNr2bFZsAiTl5qjNQ9-SAg,0,1.0,False
Lw0Y13fAlemyMHD5i_qcZg,1,0.0,False
WCcXaLESHYJY7hjZ1asAow,1,0.0,False
oPX8bpZ3dqviYQuic0Ahqw,1,0.0,False
viCUW2-IjjLLNcxyXbgExA,0,0.0,True
cJJlcnLlzut6y02o5QmhNw,0,0.0,True
-A82xEVAjOYZtDdRQw1FQw,0,0.0,True
LDtE3rhFnl4ud1ogxS6rGA,1,1.0,True
GE0_TCcCbviNBQhtbNOcfg,1,0.0,False
zm-lS2J8uZcCGgAitlohyQ,0,0.0,True
jumsQ_3gR9teA_4FVHAXkg,0,0.0,True
14fTII5Rm4PIFYJ-CA4PIQ,0,0.0,True
_iohCL0iyZknBRYQozHpLQ,1,0.0,False
N-hmuPPHrTxDA_pQXgt9zQ,0,0.0,True
0QUjIl8sGZsA0L1JCqVAgA,0,0.0,True
fbQMfbq2edOFxPFHwnH3zQ,1,0.0,False
33jDargtOWQ_mI5buxr5IQ,1,1.0,True
enKtM_JAOa6g9DHBZrK77g,0,0.0,True
ZoCVzyglP91Nqb2yEn5XRw,1,0.0,False
t_Hq1G6ugCQKWqKjVLuX_w,0,0.0,True
4fO13y8cHH5Loaae7rnExA,1,0.0,False
huanDAGVLTnWLyDAeMW2kg,0,0.0,True
WFmsKiPN-1SaWO16XgpsIA,0,0.0,True
1QINSZ-dgPQqL4N0TTFWPA,0,0.0,True
UlVo_EMmSooxXVLLp9g5RQ,0,0.0,True
amr-TqfnMpxmWf2RqnK_lA,0,0.0,True
cnvdbnfyINH40fprm9izqA,1,0.0,False
oJbTdA12FozyXISmBx7WAQ,0,0.0,True
QzxF-8ojGsHnyJ7LJK49oQ,1,1.0,True
ZJxs1L4oMhX9GW00ty0aAg,0,0.0,True
1YYy56iVwF60VeAeqKrFNw,0,0.0,True
Edj0quZE5k1WcAtf883j6w,0,0.0,True
21BdeveaXJ0dM0xY6huZPQ,1,0.0,False
5c-GubweiNtUFyQ38lgnHg,0,0.0,True
J3VvIU1ZDqg9a9e7zK-QSQ,0,0.0,True
aDkhEsyu-Ua3pHflHU4GRg,0,0.0,True
ZUdsjWHZVo38isY-xhLSMQ,0,0.0,True
nmKZ2H6aWwoFvaH3HMD-Cg,0,0.0,True
ecRJ4BfStHtFCOwRyhWQ8w,0,0.0,True
LQMMShEkT_wad-KOKBcXqQ,0,0.0,True
IOKgm7O6JpZ2XGixyw1w4A,0,0.0,True
thlCF7B2DIhkOuyQXj6liw,1,0.0,False
7uoxZ35biPZfl8m5w2_XRA,0,0.0,True
oKjurZEagBK2Z00Yc6_nNA,0,0.0,True
kfVIxOFaXN9-5-3G7kwdMg,0,0.0,True
UdogP9d8ENU_0sGa4kC3Qw,0,0.0,True
3mKAYa9iG-ej5ow6_NtVnA,1,1.0,True
nBqXILuCGVZ4-aPuRKjCCg,0,0.0,True
tTGLx7a3gVN9KwvQtdbPQA,0,0.0,True
r7FsXCWuomxjurxwQINnsw,1,0.0,False
XVUkt_BClA8amU6_epmRaw,0,0.0,True
kinCOTBDllw3wZ7BoQlVYw,0,0.0,True
6HKjKhgDLBpuZFNBOCzVQw,0,0.0,True
sJmXj6WsNFTt5DODxFFtSg,1,0.0,False
h0niyxfpynd2gDVVP4Nmkw,1,0.0,False
ZhHxdH-7ztaWfDbcGc8xtA,0,1.0,False
2IgvBqmJqngEmLzBsYC-7Q,1,0.0,False
sBw0ZgTVeRgdOA3sfGIcwQ,0,0.0,True
6KrFqm5q4ZZAYxTRaxdCSw,0,0.0,True
7rE0WTaxEsb4N0t4qqbvDQ,0,0.0,True
esfEW39ZrwbSAyAri3J3PQ,0,0.0,True
yZ6t7vkPPNzBj-EPKMqaqA,0,0.0,True
A4SRnHJfPLkrS2eI_T-85Q,1,1.0,True
lF1917cvbCzQX7BcUvlooA,0,0.0,True
YNHPzgdHVpAsvHcvCBQzow,0,0.0,True
lK408BRA42pDIwk89dxSVQ,0,0.0,True
j61tzz0XkdFV8YUBZNNzhw,1,1.0,True
0qTluM4Hs4uLMJSxesnLqQ,0,0.0,True
FgyBmc-XS_ViFAf8Wy25yA,0,0.0,True
atIp_n45JaHeY86-Gd4Xxg,0,1.0,False
mOeiMQ2lhrXgCRmxO_sgNQ,0,0.0,True
20VcLqnVQyU474tes1ar-w,0,0.0,True
M-KE591j73tww3Qnf1BMbw,0,0.0,True
aF_sNt6WHO4iUmlgXICYdA,0,1.0,False
PPbUOOBLh6frN3Xi4OghTQ,0,0.0,True
71tH8oBr-cBFxcsemfrVvg,1,0.0,False
Web_eA1w4ptRSWvXSsm2lQ,0,0.0,True
dVdZTdXcz2W-Hp3NFXQuJA,1,0.0,False
oT-MujXB5_HAtz03H_eyJQ,0,1.0,False
zDfaNgSYLn-TwquB5A6AaA,0,0.0,True
bockWFDA3mzjuujY7tOcaw,0,0.0,True
yqnr86CE3zfCi4xx7Ibo5A,1,1.0,True
p6os88FKWxsWcYUSt4KqjQ,0,0.0,True
PQWrBAXEVtC5Q9eqdyl87w,1,1.0,True
sIyHTizqAiGu12XMLX3N3g,0,0.0,True
onNIdx74lcA3-_u0S-U1OA,0,0.0,True
_JG_kjfu3npEWIvy2HhZ9w,1,1.0,True
I3KRHQvoLB6O_MZ2-UpynQ,0,0.0,True
dpIPCsPA4puLvPRkqukmDw,0,1.0,False
et-odMgalfrBGzhuMWoy3Q,0,0.0,True
OtDcALEX6-LfEOQE0QgHYw,0,0.0,True
yY3JDvjkgh1aSCanr9mgBQ,1,0.0,False
es5oJtSvYWy9NxILlARMSg,1,0.0,False
YeFdVd9zmNWQYirgQS-NaQ,1,0.0,False
u2TOqN1cau_e18Esigccvg,0,0.0,True
MGX9q4RRU32RlnOn4XEKeA,0,0.0,True
CqB0HrcMQSl7YzoTmxt5OA,0,0.0,True
8f8K555cxuMN9UnIzBy0sw,0,0.0,True
I6P5b5LeP5BIPmbNt-jFMQ,1,1.0,True
t3OyEIDjxX04Xl6KPAePgg,0,0.0,True
sRLT7dDpp9D_32d5HOksSg,0,0.0,True
62NzHN5KnexeQrBmDt3Vaw,1,0.0,False
5yRChLjoF31e46CttFK9fQ,1,1.0,True
K9hZAkRFuyfmLwceX8K4wg,0,0.0,True
Fr9OoqQplP76DsntQ-2ufg,0,0.0,True
lgWe8lSmcBk4Pq0kVI9-0A,1,0.0,False
P_TX2Nt-DybC6OeL8xe7Tg,0,0.0,True
r4ggW7POeNX0ta6spkT4Kg,0,1.0,False
0-_0nbLaHPlmUvekEG0eCQ,0,0.0,True
jRr8xrb8mam9ex_MGhKheQ,1,1.0,True
c_o-VvkTu3ipN4F49vIAhg,0,0.0,True
UwWVGxJGhTBB5W7-uBlJPg,0,0.0,True
rGMPwNf8wwHRJiohsirxLA,0,0.0,True
rRv7yLAxeqXL3c2WgRe_Fg,0,0.0,True
Rs8M3kkpQtqgi_IRNiv_fQ,0,0.0,True
ExoI56LT0AaKtDIEyP9uJQ,0,0.0,True
MOkQOf8XvO4mCBvARJNQYQ,0,0.0,True
QL_eYJxv-VOuWh1gdL9Lbg,0,0.0,True
_PVEERIWg0xyrGXgL8iz_A,0,0.0,True
vxxMqBaAHuWdx4impsLSSA,0,0.0,True
Uea3DOBa6Ry3UyT7-5oblA,0,0.0,True
o43fODlEvWd_eTo5-tljAg,1,0.0,False
htmtU58z14Ih4p3jIbgIaQ,1,0.0,False
0d5xLrgemC6jjCe-rofCiw,1,1.0,True
PfrMyCxnrtI7G6Ru26sSYw,1,0.0,False
GoWTsb8sGyJ026a3cbw03Q,0,0.0,True
9nmeU-OOyxkn8vRy5dolNg,1,0.0,False
Yrt5ogp8-mcJrKpg879AeA,0,0.0,True
MxnqbkvJ5_7UVElWFq_ZdQ,0,1.0,False
UPgzXzq8cqvmtbzjYseRBw,0,0.0,True
AYPTLvxlCw2euajnglksTA,0,1.0,False
H5FMmMe3K7W_nz8cwz1I9g,1,0.0,False
BYQz12ztqIC54cmAEdCYDg,0,0.0,True
ZkowJHfbQ12vX7d6Qe9svA,1,0.0,False
Y64JQuGIbL3IC9XCQd-ccQ,0,0.0,True
z5VkNX_8Zy44m9DNOWr_7A,0,0.0,True
-0ZDRoepf3gwd9fpsw1bRQ,0,0.0,True
FdU3ptok5G0wPoNo_OPmKQ,1,0.0,False
VbjAVaR_itr_JA0b9lvESQ,0,0.0,True
HKM72GqAZ-R9XJyfBTuVpA,0,1.0,False
jhI4kxnLhK3olQ5rfCyvPQ,0,0.0,True
1YCQvgXlkXg9fGKLd6UcVw,0,1.0,False
9874O-3GjXPotxYKNNAz5Q,0,0.0,True
RA2EuX04SHqmayKpLhpNvA,0,0.0,True
WmZ_ztzG_7YlksJ_1vzJ-g,0,0.0,True
t5AdMabOZFuiQB26bw59JA,0,0.0,True
sL3NT6reSwwMMRFcsDzX9g,1,0.0,False
jf5bA7yLpGny5aeRVzKPWw,0,0.0,True
wxvOv5ERgY2SPp1OyIdLEQ,1,0.0,False
1-PQ4g60PtEKJngOV6MMsA,0,0.0,True
w0Hh6Uk7EiGAwoVJ9g3t0Q,1,0.0,False
zSzE4rW9FE3fGqiEzZ91Vw,0,0.0,True
9dO6zKkiAkWYePng0VAJPA,0,0.0,True
Rs6kOdxCB6Bdox7VsFTKzQ,0,0.0,True
iWaBj4Ac1eMI9Tf863-yQQ,1,0.0,False
Cly5hnQ6VxCllCdhkBlBTA,1,0.0,False
ORzOJJTNe_9dlICqhVKhAw,0,0.0,True
E7aGAmh16UMjmQW1vZt9EQ,0,0.0,True
IyX5dihB9_LNpTFpn8JsUQ,0,0.0,True
V7VBfH3sU8Sg6N6Ws6V4gw,0,0.0,True
KdktpiHtZSTjK4Hl8lKs8Q,0,0.0,True
RUNS_ecDv2ofxXSeG6oE4g,1,0.0,False
sLrdo14R2HdSp3PmnJ3oKA,0,1.0,False
l5oUrgQ190l8CcN8uzd_pA,0,0.0,True
KgYvd2BlQIGUw4Aj5qKevQ,1,1.0,True
doCqqCuoDsIQYDSY2gkUtQ,0,0.0,True
YAl6cbwn-7hOA-Xk4UE6uQ,0,0.0,True
cy_U9bfz49Qx98sH-HV8Cw,0,0.0,True
etlJh7qmqK1mNgAcmLUKrg,1,0.0,False
cAe0tSTNBa9vfJc2K3ZgaQ,0,0.0,True
yYbgcTsSWIRJNxFXoVuMQw,0,0.0,True
lytsOcdjCk9KTf20eHbBFQ,0,0.0,True
XvhtgyiyxNFVc0zVsLwogQ,0,0.0,True
D6Nfw6lGeYTqwemT502RXA,0,0.0,True
98hOHm56D0Boz2LCg0-irg,0,1.0,False
4ghEtxHV0uhrpYRRWh7Whw,0,0.0,True
po98_MmbuoJHKgDZTn9AkQ,0,0.0,True
EK0Jlhk11QsDDK5od4_lLQ,0,0.0,True
Zy2vca7i9QFGRKa4m0C__A,0,0.0,True
VN5gJKlXIBQzx_M32F_lkA,1,0.0,False
gDBacGvI87iFUhIP98JRiQ,0,0.0,True
zYNetvz5YVfmgDcK2HlR_g,0,0.0,True
8c5wJ8VmsPR-QJwFigIddw,1,0.0,False
wxPOlYC155x-RLfk1kVdfw,1,0.0,False
HIkqAzHTlc8uEI3VS8kWZw,0,0.0,True
K2flxy-7s0R0IVt3oR0svg,0,0.0,True
GO9robr85I-W8JvRlxEDUw,0,0.0,True
qA0mcZW6m68V3jSA9Xv7Dg,0,0.0,True
1zoNdfp6eqGt5__JuHyijg,1,0.0,False
vr8rMrqVrjI2qT3r0YBlVw,0,0.0,True
wPhkVdtAzJULEaNtiH9dHg,0,0.0,True
_0l3Fvfwkt-2c21bd2Iykw,1,0.0,False
iyc8liplbJCVxSl9mvel0A,1,0.0,False
MJTds5mMqXEzYFI1TDCA8Q,1,1.0,True
4Ohsr3sGm_lnYugem3xtpA,0,0.0,True
TQE6lReN2_iAWorl2JkOxg,0,0.0,True
VdVoKQmLbod_4qBLksKIBQ,1,0.0,False
SGrwpoGhLrHrBLWDwOL6eg,0,0.0,True
PhwoWS4huKCd-djNDkeZcQ,0,0.0,True
2akgmD0coAMabltS7fOJ1Q,0,0.0,True
uyQ0mDz0OKEgUkBKWIl3og,0,0.0,True
x_bRkYlFpJsgHav7zSt7Vg,0,1.0,False
z3x6nJMrZ-eh6C2eUqp4zw,0,0.0,True
onSdpxAroSbMm01a1K0tdg,0,0.0,True
dXhrxTIatUPskg7Jn12iXQ,0,0.0,True
xAQVbT0-NBXiBPzN8gSyYw,0,0.0,True
vOCmoA6cvhlA5bcATzUR0g,0,0.0,True
N6eBJ-0l7FoafOFldYYlLQ,1,0.0,False
u8pEX4RqsRf93F7X90Pz3w,0,0.0,True
4hqPdtPCH8rLHTet7k8-RQ,0,0.0,True
H5Oi_xOFwbZ4Cd2nDLufWA,0,0.0,True
eemj0NlJQPcEO8aG5PD9Hg,0,0.0,True
J-8hrhY9W-zo77TgVdbaKg,0,0.0,True
6Svv3pgeGt1c4BcngzQOWA,1,0.0,False
p23WS_GikWuFSluv67TacQ,1,0.0,False
e1Hfnj_z409Qbc-BGnLGxQ,0,0.0,True
ey2TkiJL-5lIwEeFD7ZhhQ,1,0.0,False
lAo0BeY7Egw0Za3A59xQOA,1,0.0,False
BpXTzroVFa0sQnfmlJ9rNg,0,0.0,True
D2hBJ_k4YqP1gIrjDlVRIA,0,0.0,True
tOcJnRavMSUzy0EmfyZloA,0,0.0,True
H4HeptAmbbLsczw7TqVxrQ,0,0.0,True
gBSqXouPT1SLn_PZlKlnJA,0,0.0,True
wH9WtaTlrRawH_IpK90RPg,0,0.0,True
lmY05KHoqyFZjGsuHYx-HQ,0,0.0,True
YI3cZdNy74603HXNQgZGbw,0,0.0,True
NUxZTfaKsoK4CpkXW-A7Sg,0,0.0,True
fjCblB1yweEXCvmIXvaThA,0,0.0,True
jP8vJjSR99vd8-ket5_NzQ,0,0.0,True
x6BemTnk7_eCuvbv5MflWQ,0,0.0,True
BNhnxtafzFg5D3aVBxz7jA,0,0.0,True
H4x9KzX43ACuPetGfl0F5A,0,0.0,True
Z0apawNNJpPm-hxts9fU5g,0,0.0,True
S7nvXlsZk1metFA6HhwlGQ,1,0.0,False
WnJa7ONFrpo1NzTP6atdCQ,0,0.0,True
MgMh64Y-gfu7pnak0oqF7g,0,0.0,True
46ELuwLVZjOWeDOGGIZyWw,0,0.0,True
wmkzgIrup87_PHE3kSmQGg,1,0.0,False
CQDxI8giIc6Kg9hQFLC6Uw,0,0.0,True
HCNW2bLAugXGqBaz3PdX9A,0,0.0,True
rM9uulxPgYf5SdanE2LTvg,0,0.0,True
FR2MXKEg617H_xPl21Pczg,0,0.0,True
2_2ZXkaADBIvzLc0avj8KA,0,0.0,True
Dy9YI4xbpJwVBKI6b06tSA,0,0.0,True
l9fha09Hjqh1YP-IS_nRYw,0,0.0,True
pz0RIuI63QdmQpJL9Pmzuw,0,0.0,True
M89_KGMzLmdevtAlC_Ufsg,1,1.0,True
Ez8jAbAV1y-yZXSFmSy__w,1,0.0,False
UoVpZkvGzWd2CWrU4aNuPQ,0,0.0,True
swihlk16mDicr2UWpgQF3A,0,0.0,True
Z7XN0NQH-5uERDzWt7UY6w,0,0.0,True
momNWaVEWBMiODYkzt3wEw,0,0.0,True
6Q33MizzN97SU_I54z-qzw,0,0.0,True
f5gT6wwxgHB1VvSke8vc5w,1,1.0,True
cHkHYcOw0rkyC3t9gXjeIw,0,0.0,True
RHIIMuvu6xPNHxtZv_QWHg,0,0.0,True
HI7S-f1gJVcGYG38_JY5OQ,0,0.0,True
hsTKn-6YSH3JsOSiYKGkwQ,0,0.0,True
czqHyYZuxqPtEEDGclPRHA,1,1.0,True
xyykk6JeU-i-aTRFhVU0Yg,0,0.0,True
x2KdW1b5mcLFqkVuow3s6g,0,0.0,True
RAzMqEvHFE-s32udJjTN8A,0,0.0,True
FqVf9SmUPHk6Do36XoKLAg,0,0.0,True
jJWHhkr1DfA2wwlvKew8-w,1,0.0,False
ZjAOwETDQwI_kc02fMroNg,1,0.0,False
Ft2G2rrmtM5WwVRssrQZNg,0,0.0,True
trssep2CeYS771KOUFC91w,0,0.0,True
98TXQV7QHCpaHXfeziMDfw,1,0.0,False
sv7c0OsCUXT9-QNlCghT6A,0,0.0,True
sENZbmzhGrktXtRfxptymQ,0,0.0,True
Wi5UEtrgZ7MTCCoJxmDEaA,1,0.0,False
u6lyZHGHAwsUl-9iBffQdQ,0,0.0,True
0bQKW7e23wTJxgvs_p2HjQ,0,0.0,True
bj9tSJyT-v51KVekGOG77A,0,0.0,True
w0cZMOwwEPO7TpHa55DfeA,0,0.0,True
GV1P1x9eRb4iZHCxj5_IjA,0,0.0,True
ZKG7lQ-SuHcoVNKSi3KJzQ,1,0.0,False
1KG98tlQ_SXTrgE_QehYwA,0,0.0,True
_dop80gKDufubvjleQFvsQ,1,1.0,True
XlXJbWFOuzVMaKt_IWAR7g,0,0.0,True
1mEEHQxnlZ4ZiW6TCChqYw,1,0.0,False
icshkxvF7EBd5qbrchc5Xg,1,0.0,False
Rs4GpKd_kFyTeDxE-ZTqWw,0,0.0,True
d-SQrvKxI4ahTH-UmsK89A,0,0.0,True
VLZjFPnZyd4PmZws_qs6jQ,0,0.0,True
O23GAU6xDXOh3kDrhNN8Hw,0,0.0,True
-muY9h2CDwCF5E16xjamjA,0,0.0,True
lHlx-yBqxGVBsnMN7tzMAQ,0,0.0,True
BSbVneTVcG13wvhJE6u4cw,1,0.0,False
iUPJmJvHy9fVfRxsuwwdLQ,0,0.0,True
rpflBQlcHcp7Jr2DNARkJw,1,0.0,False
giN5N-_8M_Anzoyo4cuLVg,0,0.0,True
q_DrPmiLrHEpR_SQvQXELQ,0,0.0,True
WkjbE1UnF7u-mlwRw5UUkQ,0,0.0,True
zonV2F6YNVn2_sI5dK82eg,0,0.0,True
URmJ0-aRJK6HpkKdYZbg9Q,0,0.0,True
aTaU8iXEhZcFaX8lIHD2-g,0,0.0,True
8s49ryXg_vSg_W2h_Um8EA,0,0.0,True
vJ8h5KUTL5L7taf72zcOlA,0,0.0,True
kcAqtjNrXrrx6kWShEEKaw,0,0.0,True
3MZhgq2vZ_MEDmAd6WfQtw,0,0.0,True
4iFMZBeJJnR4CLeBrJxGPA,0,0.0,True
g--mZlcrfLH6WOvbgkHQsw,0,0.0,True
jbUu0Mtu9QUjyyeOn6RIHw,1,0.0,False
bIOEv4Gc49SiFhYedmN7aA,1,0.0,False
wOL5PrOe0yG0wWz7aAEoXQ,0,0.0,True
sX9ZbPwflv3qRRBbcojjCQ,0,0.0,True
40xXIs_WIOvrhtbS7QJ1ZQ,0,0.0,True
92Fmj1B1UWsbtxjJ-OTDKQ,0,0.0,True
Y606ZDAYwBug3CUwgHZQZA,0,0.0,True
xdv2kvaZodkWvTSV6pSSpA,0,0.0,True
am3H8RkNOvabHHb8smTY0A,1,0.0,False
6_AXlbZ4Hb2Fw9nyI90Q-w,1,0.0,False
9uml3WvQWBVcIKTAht7GbQ,0,0.0,True
bv24q_KXS4t2G82UnjWuwA,0,0.0,True
IqozDSKovhqmwut_DSjFWw,0,0.0,True
myQi5a626Biwo2vxN8vheA,1,0.0,False
KZXtzoI84iI1CEcAnD7OPA,0,0.0,True
FA8NB9Nvte157tRvmBVW9Q,0,0.0,True
UvHZBttSo_9mkebNGJfS-A,1,0.0,False
FQw-ZUuncpXzbORPeO1fyA,1,0.0,False
M2f95csEZ_O9ejLwSBgLsQ,0,0.0,True
myEAQBHGplFBTYiTK2xz1w,1,1.0,True
xgK6AAhJ-cYBUCSaLzgTuw,0,0.0,True
fAJM5vQ4dJn2xSfWMAEu-A,0,0.0,True
0qRQxlzCbA8U-7sy3tyOIA,0,0.0,True
G7rzq-iA_Alz1sZaKuFYPg,0,0.0,True
rt-_cTjnAQucsgEHMBRbCg,0,0.0,True
FAencdv8yZkYi1YGdX1dcw,0,0.0,True
atbvu3MxnDgpQfZgvPZz2Q,0,0.0,True
ATeF8pmKd50Xx6Nkd_BsXw,1,0.0,False
D6znPp1IVSpx4vMr3Z0OXA,0,0.0,True
kIQ646tVxDv0Tyv2Tuz_kA,0,0.0,True
Mm9iEj7471cR8FDpfXIwiw,0,0.0,True
Ew2JBmTFhGTm6Uk6WMc8RA,0,0.0,True
pZjUk1jHZNaoO6cso8OGcQ,0,0.0,True
9ldOp0whlW__eo6HxOQcCw,0,0.0,True
jn90SWm5P2Sjn4RvGEkMUQ,0,0.0,True
8uE2_gJ8ADVTJyebWkgKew,0,0.0,True
qXG8IlKuvy5k9fJ3y2gLgg,0,0.0,True
IMoQsloWZUCeC3Unw2j8KQ,0,0.0,True
tsKztn0jC6OciMIvF0mGGg,1,0.0,False
vI_k2XApOLv4TAle5sWhEw,0,0.0,True
SJKNSd29vc3KzS03kKP0jA,1,0.0,False
i0d1RvC0RcjT53S-2GZsgw,0,0.0,True
NrmjX7lp8LfqdJSd83P9-Q,0,0.0,True
5ghSXBBlTGNxXLneBSNtKQ,0,0.0,True
i2vAQYggD_QUYTbcZbN0Ug,0,0.0,True
qXQkPgxTDTPcL_apopcUgw,0,0.0,True
iwH1w56ArxuOKNmSJgMiVA,1,0.0,False
4GcHDf9uxK54OOxNIRYoNQ,1,1.0,True
JR-lU_nKD_aeygZ3yrFXJg,0,0.0,True
poRCP6XTY1JCu0rfhYq_GA,0,0.0,True
Ia4fYJhWz8ByhEwXyOuf9g,0,0.0,True
J4rNIeDGvMHtQta4TpVGjw,0,0.0,True
8qx3xXFwUT_18mgO_8vuCA,1,0.0,False
ESlu79Th0bWSPqtPh5rWHA,0,0.0,True
3_etLNxpvUpX7J0h246-Ew,0,0.0,True
wF2bVRLrXU6roqyIps7wDg,0,0.0,True
3Jtu-vKe3LDUc5haxT6aPQ,0,1.0,False
JsbTHeqjJ5W9VPRptV0aLA,1,1.0,True
0h0CK1TUmQ28D67KIqDjDw,1,0.0,False
bsurBnPwOHcz8ATxzgxcEA,0,0.0,True
sWsAogPB9-6o6A0keUTrQg,0,0.0,True
dt5kCN2U26W1OKKnDWfORA,1,0.0,False
kuO7PDuiOgMwt9D4nGJQ3g,0,0.0,True
DviLuRGHMkfRkA83nn_GOA,0,0.0,True
sBgB9OLYOOewtw2RdHitzQ,0,0.0,True
g--Qvh7JzgsX6B1gdEJ1SA,1,1.0,True
AleOT0quw-PJf6OkrEPIug,0,0.0,True
nkBfBnWENDAoYHHRJCuWVA,1,0.0,False
KEc3uvSXB0sxIVsGBLuu5g,1,0.0,False
v7TIL1qe9xdpnlUuF6pquQ,0,0.0,True
LIa7RVu6_km3t1cJ22WxAA,0,0.0,True
isWb7b6D5IGtbWS9824gnw,1,0.0,False
vfUSLYwohcPEG98x_Z3qOQ,1,0.0,False
iiK8n-m2mUzItIBxGGaVIQ,0,0.0,True
V5cVA6KYpC6Gox4KTKQq1g,0,0.0,True
zYDXF2Y-7qi70RoUhE6QvQ,0,0.0,True
V8WFMV3iMvUvJGWBzexe_A,1,0.0,False
49bc688EMaGMNzQvKHVe1Q,0,0.0,True
PaSVgXHxbywiEqpv4kap3g,0,0.0,True
f2IKG29s2pEY1wUAIjFIlA,1,1.0,True
dL0pvShJdT348qBbeNHbgA,0,0.0,True
HutlC1aBZUI7DXRXH1vpcQ,1,0.0,False
ORPFMdzXiIhxATWTJc2-4w,1,0.0,False
occ1fsciANxNC6opT905wA,0,0.0,True
mkLVdKIReJQicOT8a4O7YQ,1,0.0,False
PRugzJtAuKo1IvmNXP1ZjQ,0,0.0,True
jvvh4Q00Hq2XyIcfmAAT2A,0,0.0,True
KF54eSzHe6VO8Cqa3uhThw,1,0.0,False
TIgyzoeEG2TszImhr2F6WA,1,1.0,True
YjpFn6qTuvLNXu2HUJ4EGA,0,0.0,True
nqRNOug4OMrYTTZg-qLxXA,1,0.0,False
REvqKe3tr77Tgxot1vhfBg,0,0.0,True
FP3J0HwaoM516bLeEsGWrg,0,0.0,True
4D2FmqwuQ_OXypQkQqQZcw,0,0.0,True
-3IqU9DDQEd0vTWd_XpZAw,1,0.0,False
4GYpOZuGN-ZGMtqp1Pktjw,1,0.0,False
UHqrabDvpJWQ3nH22QG0tA,0,0.0,True
_F2DNPjsqgkAd50zuX8dYQ,0,0.0,True
Ee-hB-7X2FCn3JhSQG8sZQ,1,0.0,False
YuUSUcgF5sxKuqzFHCwb8w,1,1.0,True
JhupPnWfNlMJivnWB5druA,0,0.0,True
bmDuW_5Lw-TZh57BvaIBDg,1,0.0,False
k94x--NChSq4BCO7XiOXYA,0,0.0,True
B1RSo17_ObaqySpqsOzIUw,1,0.0,False
8d1_pRICU16paEa94ey_1g,1,1.0,True
ryakt7RVtvPppIoLGfmURg,1,0.0,False
Bt7xHko6OfInh7GbfSv0xA,1,0.0,False
IpliZpThKJzP-DTk5pNjwg,0,0.0,True
SxnLiR69tYAvYT3mpW0xig,1,0.0,False
KzptFKjE2lZuL7UqcgasMQ,0,0.0,True
-x_jL2OCWPdObGTOwIpN4w,1,0.0,False
hoDG7g0Qxqje0dP_7MqpHQ,0,0.0,True
yIRwXAtC3zLGy0_FaBecpQ,0,0.0,True
TLwTO_98RL-yjBri1cyOyQ,1,0.0,False
UFf1nfDi1p_301ty6u9IFA,0,0.0,True
OHaSpQFXoGjlmGkAm0SwAw,0,0.0,True
qmRIjwkeHjrLFvV9er5vEA,1,0.0,False
prF_lbKywPnZhNqvJOOaDw,1,1.0,True
_OFdbk31-9UJnWDwqDbsPg,0,1.0,False
1dC3GSC5bgQf9wEp-bv8PQ,1,0.0,False
elTuwW2ks78kiPVIJgCPwA,1,0.0,False
FD6OocZdFUfE2J5H0WN4fA,1,0.0,False
RHYJho19op3wdNfJOFUR0A,1,0.0,False
Hm_o9Lk1FlrrhTSanwC7SQ,0,0.0,True
NJMEeMOe7YrsJL-1arVQSQ,0,0.0,True
t5l-H2KdY4MQgLDMENz9WQ,0,0.0,True
18hSbjtTEd-iLBbX9cAILQ,0,0.0,True
wX_yIM9EdgqLaSA7XmlqbA,1,0.0,False
a12JKFiqBVyaUfTWNaAzQQ,0,0.0,True
mW8B1zfP00peHsOskq5GEw,1,1.0,True
sZRKOmcfYvP57R2YccLDcw,0,0.0,True
GfFb2JyVXdSug2xaMKFmUA,0,0.0,True
sl57YTW7bm-EpqkW7GAadA,0,0.0,True
oWVE6zUBws9eFhvvAfaK6g,1,0.0,False
BXYK5ztWpJHKgpwNCG8shQ,0,0.0,True
71PAw5tf7lYMOvQTYdQc7w,0,0.0,True
WxMz9BLZnAQ7F5h-yleX1Q,1,0.0,False
5TKDmtAx8IJXbWQirbO1GA,0,0.0,True
SH8daZRCv3N0ZeUANkHdXg,0,0.0,True
gUt-pPUpOVVhaCFC8-E4yQ,0,0.0,True
lHXwxIgFSkgz8usBkyv-Ug,0,0.0,True
wgfpIcX051QKpbXej2ySWw,0,0.0,True
tEGdk7KKTOCcllRhcjkF0w,0,0.0,True
_wwmLIqfGRDABQhN5R6hHw,0,0.0,True
YkQoGYjcnE7HKCv20W0IIA,0,0.0,True
o5a6PDMzyyaFh0A57lRF1Q,0,0.0,True
t6dDI2dKb2_s40Ev68OH1g,0,0.0,True
GdkVUWDdJshfdCmTBKoB6g,0,0.0,True
XVsN0qYTKj-bzVBGsYnTUQ,1,0.0,False
AE7TfOrefJCI_qTvUoAezA,1,1.0,True
4Ss7dG57sLMnEVULLWLSeg,0,0.0,True
yRga-WpyfZRz8Es4OpyMhA,0,0.0,True
Y-wJR0jRjp4ppSkg0xg8eQ,1,1.0,True
rvxX2P0fzn6PwYY4IAnUxQ,0,0.0,True
0IKwgLg_UApkFzMCAaJ1Lw,0,0.0,True
vUW60SthHzothKu8f2hsLQ,0,0.0,True
ZKpkzTUjegmw3x43C3bmNg,0,0.0,True
YyxR8Cxbz54-EewVyoyNaQ,1,0.0,False
TvLh1fGA_eN7z3-UIPFDXw,0,0.0,True
FDKXxN4mmz_N8QRvM_y3kA,0,0.0,True
nFLzsN12DskfMWYNmcOhdw,0,0.0,True
qjaYXh_Ets-GN0r7QQAK6g,0,0.0,True
u9kl0iwI7Ziu2GV3IIEPyg,0,0.0,True
Me4q6iXSjJyFsfKx-l3kcw,0,0.0,True
1XMLFsJjT-16Ki3hDiCGtg,0,0.0,True
gG6-9SLNPQIW7ZA7DMHAxA,0,0.0,True
oC8-aoXrPAjN_eypfte6tQ,0,0.0,True
yGnixJ8krJrTs4neNAk_vg,0,0.0,True
Xh7lpLo9TxodWgV5VdWeiA,0,0.0,True
eFn7OUpo_Kzq2B-q2XOeSQ,0,0.0,True
m4Vdae9cdx7bgr6bIjjbkw,1,0.0,False
T5JAf4Jx2ivPyojg-WTcog,0,0.0,True
vn--f9GegaR91hhcBWnSmw,0,0.0,True
OJX06tomzPbhl9TCHBLHbw,1,0.0,False
AwilCbbfLRp4bx5agP9Qmg,1,0.0,False
3DW4ZNkhPrnhRlbsJGLivw,0,0.0,True
CSr0ur66eNbIskCy-UGdHg,1,0.0,False
T79MvaXjwVkXQJQVe9StQQ,0,0.0,True
ZZtEx_UutNxz9B5knTL4tQ,0,0.0,True
auorqdHiATGZHVd-sd79ZQ,0,0.0,True
rksEr9GshBvBkV4vAQbruQ,1,1.0,True
75hp1dHtMxLGbunwDZq7Cw,0,0.0,True
vBaR0t974nRbvd5tg9lhYQ,0,0.0,True
plSOOdrHxoRV_tD7uGkSoA,0,0.0,True
bGj9djLAHjNR55OXsIDrAg,0,0.0,True
j4iIYoFSxfWGppLfL7FlvA,0,0.0,True
-WodSrhVavEb04sYpY9aLQ,0,0.0,True
_zXlFTRlfMmYcRPvy6HF1Q,0,0.0,True
uf4AWTEI6RmRUXx-28MZsg,1,0.0,False
BKR18gyfLzuFz0-4CYTeiw,0,0.0,True
rqvvfnAKfhXZn9Fxgr-7eg,0,0.0,True
7lB6Yr3KCe9DVnbs1ihpMw,1,0.0,False
XwSI-yg76BoLsdieiypmVw,0,0.0,True
T73G6WM3FqOvZ4BeKDvfgA,1,0.0,False
yfSr1wYjlJ6WRk9AKX4oxA,1,1.0,True
7AHd-F65U_ikSsHxhIaBQA,0,0.0,True
ipfPzCphX5cbfVE4rOUY6Q,0,0.0,True
NtVb4bepyRxhJ3ytIx41qA,0,0.0,True
IwShjaQLAvqV2msU4bh3ww,0,0.0,True
1Q5RBgfdqaksCLe4s5A2jA,1,1.0,True
j7_lgtKqdtNCzf-Jk9jyrA,0,0.0,True
EmHlwDc9RsK597NbJtyEmg,0,0.0,True
vWnlScr9y2F6_ctDJZ6XLg,0,0.0,True
r-pBY6vR_Iu5XhPRvPnquw,0,0.0,True
4juYmq_YpvdV8HZ1r0AWBw,0,0.0,True
sMJZf8uwjOlLA19Toj-dyA,1,0.0,False
yD8cIZfV2d0PLpVjn3pUJw,0,0.0,True
LBhyHXMLF1pGlUImzIlv0w,0,0.0,True
kU8TpFKkuwwFMxN3OTHAsw,0,0.0,True
5J_IcP4q_WIBw721yK49ng,0,0.0,True
4qGPn1AaTovh_vJYyjqIaw,0,0.0,True
h-Ospc-uiMH8TLquTeAr3A,1,0.0,False
YQz2fnfnL5eAWn1zOmKYnQ,0,0.0,True
MHajTmVXiD6hVBYTLTwo6g,0,0.0,True
EcUM3ONkY1RUCB1R1_4FrA,0,0.0,True
cmhI53vn0vg_OvzHRP87Iw,0,0.0,True
J2DNKekXCJB_4e9Sugu7Ig,0,0.0,True
h5cvE8TClzDrrlg88gD97Q,0,0.0,True
-_npP9XdyzILAjtFfX8UAQ,1,0.0,False
JBtHmLIXJprdHV2xMa0KKQ,0,0.0,True
kXpQzN1jJ3vHuvUnbvqxzg,0,0.0,True
qZvOUSrOPDvtqCXdeuVacg,1,1.0,True
9fxTX1uyyYF4ugx68AG2sg,0,0.0,True
yPHi7eUbme52mkkm4bVavQ,0,0.0,True
EjdHWoYUsYIglMuFJFa4rg,0,0.0,True
eu7F8Gv9v5TmrcgUQVvdCw,0,0.0,True
zeW0B9G3ed1q6DF0U7QN5g,0,0.0,True
ayGGbc1wcqoI273epicUgA,0,0.0,True
T1ucnWtkgIcoK7LwPZUEuA,0,0.0,True
eokrrQF16G8wJ4TyWqQMOQ,1,0.0,False
UC8cd-RRHejrG7Tmezmx3g,0,1.0,False
RIeWXLMHZQlYprYt1x2f1w,0,0.0,True
lUdEnug4CMVh0DQjpsDVSQ,0,0.0,True
mTG1Q8Hi0vnjF6ruvePZaw,0,0.0,True
YpAh0T_77arZzCyEYUxCqw,0,0.0,True
7283dDNkL7__pXSIiScJHw,1,0.0,False
VXxbj6kbrxAcOFmIf2eVrQ,0,0.0,True
po-PpBXj9-ge1mItl20RGg,1,0.0,False
QrL_nN3Mop-KJnNaWAi-YA,1,1.0,True
RqZctFR39-ZFkBEFTA1GyQ,0,0.0,True
l3TIGrXPVLahiXW_xhkkDg,1,1.0,True
sKmclh-d2gJkzVVbLdTgtQ,0,0.0,True
0Vnn-ohbtME9VxCsO4nTAg,0,0.0,True
2oIF6bue6kZ5MWOhH6oz3A,1,0.0,False
_OWAtzGtt8LuhBEteM0IGQ,0,0.0,True
Wb0f0WRKuiJMg5aXPgGjkQ,0,0.0,True
AdkS2b4_0le022OtAl-WjA,0,0.0,True
aKP2JIVNqVtXLkSEMHKRsw,1,0.0,False
-1oj6-fkP-iO6OyW8QBqPg,0,0.0,True
kel3Wb4pLYL0l2_QujLOWg,1,0.0,False
vPBjlCkTLZ6vsRFEP6g0hQ,0,0.0,True
REOH5CVuM0YeRmvmhRD0ug,0,1.0,False
7qz05BxzOCa9sdkKGR4YOg,0,0.0,True
L7xHcco1yNpWkVlsv4lODQ,0,0.0,True
KLjVjfX1KKI-Zcv9VAaoqQ,0,0.0,True
upKjWj5qf-wcZOgf-4XKIQ,0,0.0,True
XstnM5vqSqdw-9rLSzUg5A,0,0.0,True
4WsTFTH8GgnyFHwrH9nHzA,0,0.0,True
NigPSYUkjJ_JPzaDlApF_A,1,0.0,False
zWywRjPZSKVieUVnzE1eLA,0,0.0,True
99QZVGNAr0jUEfJcaDiyxw,0,0.0,True
iIMg5AuG9sZYU14_FOsBQA,0,0.0,True
C2p26Pp3DUP3o-yR_I8Zfw,1,0.0,False
QjbiS4XFuW8BmXXRWprrRQ,1,0.0,False
0HIOVPAD0NngfT1_zrUh5w,0,0.0,True
UFxWlxgtlnuFCaGcaBuoXQ,1,0.0,False
zK3rCrFE_cgXCr9mDHBdXw,0,0.0,True
cyXNwqjzLHgtH0aE3nCEdw,0,0.0,True
0Zec6RiFV6h6TbOFb7xu3A,0,0.0,True
bU4ZRr07Y6DFayPK3kKFsw,1,0.0,False
SEptGi6KDsZGD8xQnyYFjg,0,0.0,True
iUTWH1SMPYE1VlwrTN_v3g,0,0.0,True
UsGlnlPce4CBnIGUFna5ng,0,0.0,True
eYwTptN9P3D_qagXxTOv-A,0,0.0,True
74qDPs2dR6gSzDp6N1U-Og,0,0.0,True
Sci3hbXqQVMGRie4YeHiFQ,0,0.0,True
HCVht5j_wW17QxlKewYmxw,1,0.0,False
RPtvuJeKnhqNdap71rtCAg,1,0.0,False
oIJYW6CGV3anvQE-SpofzA,0,0.0,True
d09dkGahuJJ7_kT8jacC1Q,0,0.0,True
jf4RUa9EQO37hqxRCxbEXQ,0,0.0,True
kI61xx9NpIi6Bc3C5rC-Gw,0,0.0,True
XpfTLKif7JeDOoGMNq2gZg,0,0.0,True
PAa4Yo0FXqMdSs7hJjsLDg,0,0.0,True
GGyHZtnAA5LBgouB-32ARA,0,0.0,True
mL1QW8OiaYVk-k_YMkREiA,0,0.0,True
sxA4uk-dyRB0p3osperSvw,0,0.0,True
ShNOGchl0bUXAK0sSDm7-g,0,0.0,True
m4LaTWm5vP01mGpFcqoPZw,0,0.0,True
Mqn5i_0CHNytgiG3A3tzIA,0,0.0,True
M4dWfoJrvf8j6sl_YWeNxg,0,0.0,True
Y1jkxceoqE5LrTL5eqPXsA,0,0.0,True
zNPQWgZU0-Qd1JHC2HHJJQ,0,0.0,True
dS5qlJ6au0Wz9FwmbPSjYA,0,0.0,True
Tq7ZVUvqRP7YPLwVfdKwTg,0,0.0,True
4XbebctXIUOS7SUUsyffMA,0,0.0,True
W53JzsbygRIpkTmGqKYY9w,0,0.0,True
OviMzK8ivPPpj21PsLtZLQ,1,1.0,True
Cy4_1D_2-Ksi5cm82HXpKQ,0,0.0,True
cFmttb0IiKAhYutRZzYPyQ,0,0.0,True
6GjP-FRibXc-I4YrsIYxew,1,1.0,True
NnLUVgYWM2vNYOSADMlmSw,0,0.0,True
QHI_sBKISzQsDMp2cXBXjQ,1,0.0,False
o3ygnV9KOcKPAk8-bX5OnQ,0,0.0,True
97Z7j4vH0kfzL10AONi4uA,0,0.0,True
lbKFC2EOVb1oUjGbf4l_nA,0,0.0,True
ITItsWpQgKGc-dJqnbwA9A,0,0.0,True
eigBAPMSVtE8a5NPfw5GTg,0,0.0,True
55XBESQMtmhI4I5i3s73sg,1,0.0,False
AeKy_dJIlItsXoWKW8eYWw,0,0.0,True
fl3zNyk-m_B9NCgIcvJNiQ,1,0.0,False
XW9mRJvqZhqLKjP37owNzw,0,0.0,True
y6Ajt25_ryniJSL87OhASw,1,0.0,False
hEoHJJf6vYzQb4iFkTgX2A,0,1.0,False
AYTr4lrPhh6AxWeL5kaP3A,1,0.0,False
p5PQJvVOFb_bq2nswqD-bQ,0,0.0,True
Vr_W2K9xoXq_oFXeP7ATCQ,0,0.0,True
9em_vfSjwcPqQgU8Zj-hzA,0,0.0,True
xuPJkwww4b8X4j6n3c9KHA,0,0.0,True
TbaAnzOTX2-boTbAp3e8Qw,0,0.0,True
h_764eIV-D3n7qjyBmluug,0,0.0,True
dHbHVUDmh2aAnQo-UEDzuQ,0,0.0,True
sWzr1wkAvMqRH81DwA3TXg,0,0.0,True
KeJwlZ3-ZjLT0T7pfo3X9A,0,0.0,True
h-WHXV5IAHW8gjrijcy6ZA,0,1.0,False
pQnuJR1veaL-0RYRFyp4Lg,0,0.0,True
eQcX-d2ZveSTOE75BipOXQ,0,0.0,True
dH3rJa4JSxmlyAwg8kPLOQ,0,0.0,True
_bSdZgx6OuvkfIdudGKwGg,0,0.0,True
47QHVRHX5EQ1wY6_WzOSnQ,0,0.0,True
QWhX6COn9WYNWmL1WUPpDw,0,0.0,True
9IolmLD-egMxzHwkg-hdAw,0,0.0,True
lIL_VuvmxBr_yQQH_P9QHg,0,0.0,True
5a0mAU5sGrR174mEghnOCw,1,0.0,False
ZxGg3JpHVryyPSVpQHdLvQ,0,0.0,True
9BH18avE46LlHMvJn67MaA,0,0.0,True
dBNAppRtR0aQc30sXlfiuQ,0,0.0,True
kNAmtnpjbgeUrAyRBBPTuQ,1,0.0,False
-p9-E-KTtQRJM0nV9rx6pQ,0,0.0,True
2m_4c64CxKNsiDAWUze8eg,0,0.0,True
631zzmupxMYzj5WccNYJUQ,1,0.0,False
T4D7wX6GuCYChwRmser-0A,1,0.0,False
WPDWiQbxgVbECwEtHDma6w,0,0.0,True
0usVvvlSi4u35saUbD42RQ,1,0.0,False
BRhKD4BEMg6NagsD3z-0YA,0,0.0,True
BhreDD-ye_2RWz0DhKn3cg,0,0.0,True
g58RKSv_cv1UhMPibFUceA,0,0.0,True
scC7uUSYpU1Ef5_t2UksoA,0,0.0,True
pqnA2OyZelTuy46EV8VgEA,0,1.0,False
7XfT2w9Eb2Xbu-iP4xulPQ,0,0.0,True
4RsM5U2poPyQZsaefj85lA,1,0.0,False
aAWvy-BqJZlfVsLDJYFuLQ,1,0.0,False
MEKsLIEtRakbGtup1jRA6A,0,0.0,True
D6Ydqg491H4Sa8m0wpR45g,0,0.0,True
Shy4HqmyEewCLvq7Ub3Whg,0,0.0,True
cU6u5Plu0fD2fIvLig7z1Q,1,1.0,True
20DyG_lwW8ymzA-0dhQpsA,1,1.0,True
MKyk4F4HSzHF8v-4cYe3Ww,0,0.0,True
d7V3ykQHqChv0KtXEanKLw,0,0.0,True
4sq3uKJzY3vs1ayRdcILrw,0,0.0,True
NcWd10MG5WMl4kOHv3iDsw,0,0.0,True
RjxUpPv_oucDt_3HFOEBHw,1,0.0,False
JeZhzeNIfDYPSm9gKvsSPg,0,0.0,True
-Nd5eId2iqnFvAMNgRBgpA,0,0.0,True
RL4CxhuSVO2yyuyCC5zCAA,0,0.0,True
lbECi2rbJPZWzHdmrC9xAA,0,1.0,False
KmX-31FkRgUqcOpQfFIX7g,0,0.0,True
AVejDqz4j7HBD3MSg3BcHw,0,0.0,True
Nn7w0B09A1ZRxHlXlmYpbA,0,0.0,True
C5Z4_e6ckgiyBjK9aXHK_A,1,0.0,False
Kas7T--H7nt5Z5D0gXJZLg,0,0.0,True
IBAfZdSO3iD2pkf3EsakCg,0,0.0,True
MwmXm48K2g2oTRe7XmssFw,0,0.0,True
d6GCsPWBKEAPfBzguHyotA,0,0.0,True
vp6YA3fFQWpQ5kqPddlQ4A,1,0.0,False
XF4hPLIuHaonwvOXX9aiYw,0,0.0,True
gz2v58BaQaaw1363AQqaeg,0,0.0,True
uevPN8zwJpBpnxRur1jUhw,0,0.0,True
OQpj83xrMsBjmxee8oppfg,0,0.0,True
qy7DyCFqyTPDctp_H1n-Pw,0,0.0,True
jx_HCWdPEQXpxtqu5F8h8Q,0,0.0,True
DUZyazpBziX1v3qGZz6PrQ,0,0.0,True
i5cwYJR3IEaUgwg2xRcClQ,1,0.0,False
QE9sPzJsRnranp0jvhyRtQ,1,0.0,False
KPlfcULgM669-bbXpKps_Q,0,0.0,True
LATjMJ8bChgQEsz1D6JyqQ,0,0.0,True
kohSIUzkCOMfW-15q-XdFw,0,0.0,True
n_0v_kCI2yR6Soez5vAu7A,1,0.0,False
vPE-qYFSiA3IxRs0tJ7m6g,0,0.0,True
He9Dar4bk2vyeiPC7TkUgA,0,0.0,True
skwtzHpH-U577IuLJf3cfw,0,0.0,True
y2JQM4ptGJmAhPhafclUsw,1,1.0,True
GAzgpx7XzXsEGx3mOcJfMg,0,0.0,True
7smIUlgu0rRVY90zacvkAQ,0,0.0,True
YkgYT5kfaDSq9IgsGvmS3g,0,0.0,True
8QK5BRBHYfOu8KMpD-HS9Q,0,0.0,True
Ra4S2OWIo7BOs6AJVT4u8Q,0,0.0,True
OBoJFPcBL4_CfvjKIxgkFA,1,1.0,True
Ewu5dC635_QfdVBScYD7Jw,0,0.0,True
Obz3WGtDmcdgWN-r6mWc2w,1,0.0,False
trAvQPp7gps0Btk-2AmLpw,0,0.0,True
M1U2A-3vLFBFKfAWW8UGQA,0,0.0,True
-ux2HqhfQqldjxSt8vdSwQ,0,0.0,True
ESZbVYzcM53NOWj2hVE-Ag,0,0.0,True
YbqNbrnOEk2T0qIBbTivuQ,0,0.0,True
595LJOiLuwQZ_xk8llJpyA,0,0.0,True
DkYAvlw2bdeinIVSz2mmZg,0,0.0,True
6dfbD9GDas5-61RU7khClQ,0,1.0,False
d_B84CIeaUE-UbN41_txdQ,0,0.0,True
TE9WsqEr-IsNvlEu6FEpqg,1,0.0,False
Q4JwukwX8A360lh41WRlvw,0,0.0,True
mD8iya6b5iR_BSYhar8Ygg,0,0.0,True
oiFKrBaK5R53T8JmK1jQww,1,1.0,True
YnM-nSAToXx-NKvTEhCXMA,0,1.0,False
MlHXmufQOYyrsz52gr82MA,0,1.0,False
SLLRCOUiq-WY0nmePLQAYQ,0,0.0,True
LqkePAHl8wjRG4ZuM21b8g,0,0.0,True
LMD-f6FMz8lF8QeSlie5kQ,1,0.0,False
G0a9otwjPEhpDIpYvmr7xg,1,0.0,False
bindqT3bXDsk4SDauMaMiw,0,0.0,True
lAher1puKzN9r3LALx-JqQ,0,0.0,True
D5IWFRCugCk5JINjggN9sQ,0,0.0,True
8zF3m-KbRssbJrgv6sJnMg,0,0.0,True
5g2FgJdCw7aYLRjYymX2Lw,1,0.0,False
iXjeNQgQvzBH8YPiM2o9og,1,0.0,False
6ZRXqWKHlZeTrBywGvvnnQ,0,0.0,True
j5X95__LDR1IgdWYvcjzAA,0,0.0,True
F3RQ2RZkik8inAocmz6cbQ,0,0.0,True
nFzcZQsUbTAVTu59_EQfag,0,0.0,True
zgGQqeLAxC2gx9ZHXPZa8w,1,0.0,False
r3J0jQcvXkFBhGyqF0Op0A,0,0.0,True
aACX0qwz9gCm3ieEaQhyXg,0,0.0,True
e_U_FnpdKVgNb4mUN2cU_Q,0,0.0,True
thlVek1kUo3fyxUEap65zw,0,0.0,True
USfS0tgXkAtCoGc6nG77ig,0,0.0,True
b1vwNwPlEivVODtboYF1Bg,1,0.0,False
i9-qblQnpMmvE2G8wxJbaQ,0,1.0,False
aTbKsz1kfoOj0IkPnAC9Dw,0,0.0,True
nvHI119QP2Q-nVLOoK2hXw,0,0.0,True
ZcfZ7yCJad5Or0-VXVCrvg,0,1.0,False
YNQgak-ZLtYJQxlDwN-qIg,0,0.0,True
crKd3Kf3YYP8znwoMvcA-g,1,0.0,False
4d2bPtH2PsdsCXYgGs7Hvg,0,0.0,True
1_UbvYpj7N-jE2VYICPl2Q,0,0.0,True
TXZmlCvsRzIn-YDyZf3HNg,0,0.0,True
HlQh_WG6lgc_oxMPyB47-A,0,0.0,True
p7m9uYWxKSFCF-qC7hPxPQ,0,0.0,True
Yf_mKctDPfMQkig-DavQJw,1,0.0,False
ybzM9NrsKss2CJJ-UMGa1w,0,0.0,True
WfeA7PurZdBOPXcGB27vEA,1,0.0,False
uV2IwU3rIRFTuxxsZ4xkgQ,0,0.0,True
DRuE7KNz8vGR1_X1h9fiSA,1,0.0,False
W9i6iFZKOPauYTrr1VqeCg,0,0.0,True
Ne5lnB5nNjrvqGYZjMaePQ,0,0.0,True
GQoGAP9ZrvE6raU0QfTntw,0,0.0,True
Xxg7Bs4yDDV3eEpVwlG1PA,1,0.0,False
11j4o-vygDe-tTAaAL2a4A,1,0.0,False
eNIDbboNe7W_rAnNHoveEA,1,0.0,False
CTSuvTp8ymqtrM2t0lwAOA,1,0.0,False
GVDZvb9Aak_dIjGCeKfoLw,0,0.0,True
XpZpY607eVH5DFbxl6hsag,0,0.0,True
W_B-EjDklGWTwtzxnYGfVQ,1,1.0,True
STrTg_RZhsQ4xdFNEmtU-w,0,0.0,True
h-9z4dgdEghdPLeDMLpDYA,0,0.0,True
4G9StQDOFutiUMZYem9UVw,0,0.0,True
XKlhLb7jQcbvVq1hpUmuYg,0,0.0,True
6XpKQ_62BRcTGA7puhduCg,0,0.0,True
h18QcATS22rc_XTVlTEv2A,0,0.0,True
t-L8pjvnmd-fzeeHQXMcRg,0,0.0,True
kaVALmiCtmGywyZ9OKLf0A,0,1.0,False
edDmYTcsClAL9XPR8YkvnQ,1,0.0,False
nUUYvBafHYH-O4Pht6lgsw,0,0.0,True
TqR8kAPQ-2Np8RAaL_aspA,0,0.0,True
-8vrk9UzM2oIey95PZOHuA,1,1.0,True
zhQzX3CxM0tdBXwGUWmxGA,1,0.0,False
Hl0DRZMaoXoWTKovxeWz9g,1,1.0,True
S0mTCni_l8jK0cYj8K8dLA,1,0.0,False
Fb-fswktjPKZxkOSiikggg,0,0.0,True
NLVcGseUhgQdABs1mIYk8g,0,0.0,True
YrvU0K9sMG87vbRRrKs5UA,0,0.0,True
gfE3L51Hdd929VXm1zEexw,0,0.0,True
oUrlWqz2tkyNRcggKZWfAw,1,0.0,False
MolsOVQXnv7YidKSc5z13A,1,1.0,True
WE6RDQY72wNLO4u6duq2Dw,0,0.0,True
ZAOewCgSTREze7QcN5Bp3w,1,1.0,True
n9H3Ay_jMjhKjUNZWtaICA,0,0.0,True
Ax11wyp-FudujeU9nejQbw,1,0.0,False
yiDyLTSiBQ06xfnvdlsFJw,0,0.0,True
pyMg6jc5y89pJDTSVRSXIA,0,0.0,True
UBkihHQTZ_4ID8JvRYj67w,0,0.0,True
m21AFUubd9EfQ8M6Ykt_6A,0,0.0,True
JlvNACJVl7irjkosXgwhIw,0,0.0,True
I5rjEoAuXnLLnazTRpncXQ,0,0.0,True
miKaK3F7rzPeBP1MSWh7Xw,0,0.0,True
gQ8dcYZYJXMADLMs8Jq8Og,0,0.0,True
lCYgsy5M_OzjHtAI97EDXQ,1,0.0,False
Z3uSy5rt402IzprBKv4lqg,0,0.0,True
hbFCv2Rginf9zjai-lKUNg,0,0.0,True
Vm0olnUHnv8ur-67VynSJQ,0,0.0,True
_WEcW209mmIi8Vv5HcApHQ,0,0.0,True
q_f1s7xYTGBMiYfehVW_aQ,1,1.0,True
mCkBmMzzebIqJgEFQnYbkQ,1,0.0,False
7-gUl4wdanseEzttKwhCkg,0,0.0,True
uA3XsQqogLsjP7clEdt00w,1,0.0,False
O09jXZxh7L2PMC12i6Mt4g,1,0.0,False
Q1Dt-ARdcGIynClRpDzvZw,0,0.0,True
H0C9EepVIyagbtuxQFSysA,0,0.0,True
K7b4Dtvwg1qncPMt9TZBjg,0,0.0,True
JeJXgEpfPfXLAiqfCVRwVQ,0,1.0,False
w8oRGTTKtIY-JVAM35-vqQ,0,0.0,True
q0CxKqFVJwtQpIPfQcfrxg,1,0.0,False
9A2bLsl_FbeMqfLzYeratg,0,0.0,True
YZbDLZp0zhmgnIPflNZZfA,0,0.0,True
3qbrAriFS9YdpvPq2dB7hw,0,0.0,True
RfpFjI6-zpB_EnJjRFuBTg,0,0.0,True
vLVJXsQ7HKRBZXmuHlIymw,0,0.0,True
tP8xotGVQoY3EX1hpW0GQw,1,0.0,False
gTm2TSYkC44iMnI_Nzpm4Q,0,0.0,True
8DpdGGGosUVIw6OiQUKE9Q,1,0.0,False
H5Z1LXj6pietGhd3jnrjHQ,0,0.0,True
9o8js7Jms-hBbdSUpGjESg,0,0.0,True
Adjy6wjncsbWpRMo5-FlbQ,0,0.0,True
EGNyoixbT4JqQF_y4IUBHA,0,0.0,True
MY0_6BAzQCu4sqXqwNEFfg,0,0.0,True
wWvInCI38F80lqLvnW26hg,0,0.0,True
4eFIVmbeCvJGCrhzmd-VYA,0,0.0,True
SSJri8gD54wmQ6DJ7hRCpg,0,0.0,True
OCHcYkhhQu90ISIt-l-xWQ,0,0.0,True
uiby-uQRHFGbGqr-dVur7g,0,0.0,True
WvF3XVedUioBaG_xLgTgNQ,0,0.0,True
0m-dEwpqVNO4mgZ1mM7Wew,0,0.0,True
ki7fhvs8IctEtqltTpZTYw,0,0.0,True
AIrAVKoWSS38ym-V6k0EEg,0,0.0,True
swuWkdAXuuMfxJBaBthLCg,1,0.0,False
5WBqIEhikRUlFXLktK0Hjg,0,0.0,True
UikNfgSDcZSudGDJl0BnRw,0,0.0,True
bTyOX_Fy31mCyUUUkm50_Q,1,0.0,False
yp4Erq_kG7Zi6Bssc07Oxg,1,0.0,False
ra84MHFuTnIX6metymk6zg,1,0.0,False
Gv4e_Yydg2MYlfWJd4ZWkA,0,0.0,True
jcxIkv6gSUUJMDRv355P1Q,0,0.0,True
ueibmhF9VBoJ6qtpls63BA,1,0.0,False
djuIzefYQOCcjLJSF6ow3A,0,0.0,True
a1MLvWhSLv-YjdVMkCC29Q,0,0.0,True
2ga3wFN6qiXPUdz_cyaT8A,0,0.0,True
gCLX9fdLVKzjC_mTZPoLlQ,1,0.0,False
qpa0TX7hQFf059T0kFC7kQ,0,0.0,True
-rGXXg2O-yRRX5ZnJgfLFQ,0,0.0,True
Gmadf91Sy9bj4XlCbOy_sA,0,0.0,True
wUJSLLBF5OY6yGCJiSpeyQ,0,0.0,True
WnBSlcek6ACsjE0UDJ1l2A,0,0.0,True
GNZuoHxehd_3Kej7eXj8iQ,0,0.0,True
p04vIxlBCNu41ZIjv2dbaA,0,0.0,True
pBqEHFoMEtCgYJ4qH4sdBA,0,0.0,True
hJxzqajebKdt2mgiC2YNSQ,0,0.0,True
Ekwhe9FMPOTH0f3eAHI41w,0,0.0,True
ZSHKp0q6a9VymOqGOkViRg,0,0.0,True
voHJIbWq-lRjWpv1hlSWig,1,1.0,True
44-gkvpNQkE8OHtZ63TRQg,0,0.0,True
riGyYYvK0fc4wc3qCgtWMQ,0,0.0,True
jvNceVtwvNdt0Rvq0Tx6gg,0,0.0,True
J1KRES4_CuJFGV9gX5Wasw,0,0.0,True
7mfnXHiBwdeCOrgRX6XmOA,0,0.0,True
E9ZsPtGovfEPHlMHkDdlQA,0,0.0,True
RAnmFAJIueT7T_JcScYL_A,0,0.0,True
E_7dJ-IMEnlUqrmqMoRmSQ,0,0.0,True
En2GuQV7FoOGHhXX5SMEBg,1,1.0,True
wum4pbf9mlYt1g8gJzfG2A,1,0.0,False
mNVi68A1thk2cYnW_c3e7w,1,0.0,False
xOlzK02DWzETeZ8HbiEB0A,0,0.0,True
-ZTR_3FFPdFCV9l_Fq_OUA,0,0.0,True
uGTs0yRkNNKeeeZKXKUAlA,0,0.0,True
sMLlV86U66YhjsYf1Gs7zw,0,1.0,False
-zz0eNBqUK_YuMyEzXHOLw,0,0.0,True
DTbZiYWiEdYjrDUibUMe4w,0,0.0,True
0IV5L36XeQShzWiUhom9bQ,0,0.0,True
WSVLmH2Ggyn43RYZhDOVPQ,1,0.0,False
JDkgL5ZT67ONTBwiCM9moQ,0,0.0,True
s0JkvcKvmyuuosS5QCTNfA,0,0.0,True
9JSYmkJ-sRW4zJCun7N5vA,1,1.0,True
DPDVA31pE0gydMeGdtm_eg,0,0.0,True
jXufSteaJ8sL77DmajwVdA,0,0.0,True
_-_qTF-_Ilqr2A-SQsm1ZA,0,1.0,False
JIlCjl73CKz0MeAsvY15xQ,0,0.0,True
hzUOqxpcnYYBgLlrgvjQYQ,0,0.0,True
9wTwNofjrlijAO5Hip8fgg,0,1.0,False
wmtbzS2fn87VLMrUleQumg,0,0.0,True
GIqmLJsJYuzwrj7oviJ_KA,0,1.0,False
GixdZmUS3hYl9guox8remA,1,0.0,False
9edf8GeJEI0OuctuxArLyA,1,1.0,True
ziuXsH7GCoJcPhXZxpMn1Q,1,0.0,False
sZ2vDfComr7Z8Gab74flWw,0,0.0,True
4zYkgDObs8CEahzjg6Cigg,1,0.0,False
RZxhxqH9FBLPiO4NHug5gA,0,0.0,True
NzmTnhKa17kZbuc-M0u41w,0,0.0,True
h3iArEf7z8PHxN4WCEdA1A,0,0.0,True
I9S-4czHzMVfKejCiAuXag,0,0.0,True
8F4LLVbqXvD2kQqLx2KbBA,0,0.0,True
zaXDakTd3RXyOa7sMrUE1g,1,0.0,False
z9fwd0Y8zl_oj3pcAXLkXg,0,0.0,True
ZKkI1U5TkAEkvaEjzgBVdw,0,0.0,True
J4NY4AsCVPPFn_QzJPgp-g,0,0.0,True
dc1IEkw1LUshPEwamZnkdQ,0,0.0,True
WQc22qucCCtOytbx5CHqbw,0,0.0,True
T989hl-3jr-k8QYPmFX9RQ,1,1.0,True
ETbfln2TrQVcTwZ_toz1vA,0,0.0,True
PTzCFwwFAyTdgWEYnms-_g,0,0.0,True
f9eFteZuBoZqzYg5UUrufw,0,0.0,True
FrjW5L9CNstkFyK9TcDZRQ,0,0.0,True
f6P4GcqGzhKPGiEblhad9A,1,0.0,False
-F73cFsqqDFrcCE5VnjHZQ,1,0.0,False
dfT63jxUM8o3BuCGSPP7uw,0,0.0,True
sFHj_WK6rzEeGcJxtvxrRQ,1,0.0,False
MtHebhODUljM-_3n-DMk4g,0,0.0,True
wTR9FttJ07_ze2ph6P2Zmg,0,0.0,True
Zi5cRc2oLKWBeBDICCnxUQ,0,0.0,True
aS72GAz4kv2Se21uX-K7Rw,0,0.0,True
DDELtnhKCNmW_w7LntKu6A,0,0.0,True
9r98bxT8fCMkTef7UM6GZA,0,0.0,True
1eY1VUPH_WUZMPHme9qAfA,0,0.0,True
CsYj-3uhV5c4jDue8Dp9FA,0,0.0,True
6rslVSaz9_ci880ftimCIw,0,0.0,True
FfCDnk7VYc_WzWlCarSN_Q,0,0.0,True
f_re4xw6zXn2DAbcChF-AQ,0,0.0,True
y8NrLSyq6hSM9iEChwsobQ,0,0.0,True
EbYGsrovAJRNitvkmAix3g,1,0.0,False
T2c6bfzcxAvJ1sEGh1_Vhg,0,0.0,True
2_i7tQoykfXrG1zB6iHSlA,0,0.0,True
EH4UkW1HsS7-ZeKvk29o0Q,0,1.0,False
Bze-xqDQGSCqc7FnSfFV6g,0,0.0,True
ybZ3HZa_ESwRP6ouQAQ1YA,0,0.0,True
krTdDdqDEiWLsexNQgLgOA,0,0.0,True
MjLMC-wncJc1VFQNs9cxqQ,0,0.0,True
tGbCkfyk--MR4IhDCbwPew,0,0.0,True
EnAohly3Hk8vD3WK48YmVQ,0,0.0,True
DDuAB8Zv18R9645cKAy9Sw,0,0.0,True
eV5JI26emxsQvZ6lFt9VVw,1,0.0,False
cZl7-Um4HiJWFgDVmMan2Q,1,0.0,False
hlu6-OWjyFXxkzppvPSHUQ,1,1.0,True
KetHG4JpYO6a3mlYNCONRg,1,0.0,False
RXehSrZPiEnvFhv_z_oIcA,0,0.0,True
nb3FTOUZ7EjLrkqyEekF-Q,0,0.0,True
BOhEjuKejAISMG_WqIrq5A,1,0.0,False
bK3TRL0Bie8GLEBHMCCfQA,0,0.0,True
2oUHgrMIy2a3_3jo01f1Dw,1,0.0,False
Y6YCdd7RrTXpGFoACkyGuw,0,0.0,True
HBRZ8oaROD3wLCr-8ssRxQ,0,0.0,True
lAGDe38li38fyf971CslFg,0,0.0,True
F1pT6V3AaksoyJrQunGGUQ,0,0.0,True
d_8bMNQd0mesbEUeq1U2kQ,0,0.0,True
Q8DTWyO580ciXHsfgTQLFg,0,0.0,True
dpVJsMwjhtAAFvKVwxncig,1,0.0,False
1E3V7dhRMo-9Yo3lE4G7qA,0,0.0,True
BBBKVN7_jcPE8stMlx4X9A,0,0.0,True
5IrXOsFdIE14ov6WbzGWvA,0,0.0,True
iSIOHkFAh5-j9J6VUTDcww,0,0.0,True
0m5RGYm5QSOnhA7auPLjUQ,0,0.0,True
RqqjrSEg-JMfXDG7mzpqoQ,1,0.0,False
3NsfdaGfkhQbRrjjoYhTew,1,0.0,False
VGnFpYkz8dALxri8DR7FvA,0,0.0,True
LUhVfCMmLaiKKGvXTVc20A,0,0.0,True
vqwvB3D3PcYWTlZDbbFT6Q,0,0.0,True
ZV1uiya7_lBfoZoU-FJSMg,0,0.0,True
ZlAGou3x7Rb0KwTflXf5Pg,0,0.0,True
UMP4EbpIcKD4urk0qXbncg,0,0.0,True
pYc1RP9M0Q6uTu-9JkdShg,0,0.0,True
o_HVMHPQwnuJj7yqn_c5lg,1,0.0,False
ZGAovdjHkEFvqF2LNzbtvQ,0,0.0,True
qqKbbeyWVNPHHorqL7qlWw,0,0.0,True
_L7ncquz3JaVmXSehvPovA,0,0.0,True
bgK6LZQMnHs6xtaJG_3PQg,1,0.0,False
FYPAPxb3Kdc8G878jbwwAg,0,0.0,True
yJ6E8ICe7jOE7bC8F17rLA,0,0.0,True
JqBy7Ijfmh46kBPQPG0pKw,1,0.0,False
yQsR7qfOZ7d_3wUCcF1pgw,0,0.0,True
53bxZN3hikoJZkd1EBdhrw,1,1.0,True
UTt11gZCgDL6F9IVyQDejQ,0,0.0,True
AhAU7Adweja-ouE9rGNPdQ,1,1.0,True
OK62swud0UWKwF3ivxHZNA,0,0.0,True
jpgO5Mys3v6LtGk-diudtw,0,1.0,False
FjSttKipz44vRwKpPwhh-Q,0,0.0,True
qucZdwFc81JX6jDHt3aY9A,0,0.0,True
9jz4vpt_bneKZ4BVaSBrVQ,0,1.0,False
PvXcpiXQktpo1s1IIJMhpA,1,0.0,False
V4Xw6yqfVCcNag8tpDgsMw,1,0.0,False
16SBP4NJhr7PTOW-WnRL5A,1,0.0,False
EHl0KQYqZQQgBPpd3VgRug,0,0.0,True
hjaAYBF8u8wacCA3p6Vnzg,0,0.0,True
KTiCrKatc5WqYBzT73IqmA,0,0.0,True
2JZv-P1lDKOPKvefQlYDEQ,0,0.0,True
ULEiArqqYuWQIEWROonABA,0,1.0,False
PfDA3USFztomNfHmxese5w,1,1.0,True
cFuxWeyXi4EfLPq5YIOhcQ,0,0.0,True
fzBDUWZ8oxtcL9gmSvxLcA,1,0.0,False
F_Ep_ne8vyXYGgku1D41wA,0,0.0,True
pBIZEfjH2JpRuaPwsP2hXw,0,0.0,True
SQbHqhfb-x2WuVBmo1WsFQ,1,0.0,False
UNHfL3cp7zDaZEWaCDhYbw,1,0.0,False
OYvvxPni_OG0XFK_4wJWew,1,0.0,False
GgBe1LDouj8-wFOuTrzr6A,0,0.0,True
l0c2pmxGYvCfeaCRiYGAvQ,1,1.0,True
TBvAoLn5Js8z8M9eMtPHBw,1,0.0,False
yBJgkT7950epzcHduXo6iA,1,0.0,False
XG5T9z0s4Vr3JL7LtdCMgg,0,0.0,True
erREMiRq1cjZ8g-OEnxTiA,0,0.0,True
1es60210U2Zho5LzG46Bxg,0,0.0,True
BMT-Nzth8SJ5ODVf3Gi9bQ,1,0.0,False
1cGZU2gDewDfEu-bBMZEgQ,1,0.0,False
a3hiM7RlfNWLLOZ7wZrldQ,0,0.0,True
6V4zYQh99ISnl4umcOyHaw,0,0.0,True
RYZ08XAToBaN-bS5HHVEhQ,0,0.0,True
a86O40QjwMxqaQYo9ZBM3Q,1,0.0,False
HFyJQDfqdZme4DyQ1Fj4OQ,0,0.0,True
A61mX9Ed_txnw-S9idIdZg,0,0.0,True
mdyBmiI5tZtCmfa4RtHy5Q,0,0.0,True
0QIGfTyDPYd7piDe82m1-g,1,0.0,False
7DzkPXjcWXKHy66Ki7idtw,0,0.0,True
Igx4MatIM6AfV6-gsX9lOQ,0,0.0,True
bfWpJH1kXf8jeD39IkDtUQ,0,0.0,True
zr_0BWhRVFcv2lvOJZb6RQ,1,0.0,False
N3OLKrRAf3NKDFOG_SBNZQ,0,0.0,True
uGMtki-_7K2w_jIbkuTWGQ,1,0.0,False
f8DYp9K4WGkWJYebxIABfA,1,1.0,True
fppo7cikN-sZ2N2i8LadEA,0,0.0,True
lFAb9TuCs6gJ7y_M2uB8gQ,1,0.0,False
9T7eOkHOjWfE21KxgPxo3Q,0,0.0,True
C70R_7VBmd4WHCZp1B9i1A,0,0.0,True
ydMlE3QgKXymCmCF0Gjazg,1,1.0,True
Sp8uVjRoKEXEUbbysX-BFw,0,0.0,True
6HsN5PKeQdRjLoEP47W-Uw,1,0.0,False
gIuROfcM0o6WkgDJ46rfng,1,1.0,True
zyIELEt6zTdBvGgxReq86A,1,0.0,False
lpMxECFXLWSoz0fEBrex1w,1,1.0,True
f1ojRs4ePye1_bQHtUywaQ,0,0.0,True
KJzbxY4NJir2JTyf2ZpyuA,0,0.0,True
r6EvgcAXNRYR610J1eQBJQ,0,0.0,True
bZi4byCPmSwYRbJZqVbl1A,1,0.0,False
eyTE5hIelyYDjFuHFIRCIQ,0,0.0,True
8PeK-_Ymko7jFohpjQcwCg,0,0.0,True
B9Ceiwb2tlTFCkS8wwcpUQ,0,0.0,True
RmFyHoKbk_f9HXz7EEu1jA,0,0.0,True
8ULFfmM5K0gBug7TybvgxA,1,0.0,False
ldsuDySK7swMqf_7BMK59A,0,0.0,True
OFI8tngHQ3UWw-fCLmDv5Q,0,0.0,True
E74dLL-EkPI-abuJuWk2lg,0,0.0,True
VmYfytpRIdfy3ZBV5QI-Hg,0,0.0,True
60j3t0ptHJBTW9RXVl1Dhg,1,0.0,False
6fs8iKRPOHrJ9xeAOIgyzQ,1,1.0,True
DBWQd4ImpWwWusHfXl4irA,0,0.0,True
0hqePOGHVhmgpJ8W1h_SqA,0,0.0,True
4_IPjeZZ87LPiXkKDHx2-A,0,0.0,True
VKNH0yrFpSsaa1mf-V9gog,0,0.0,True
-PA_1J9JzxLcluTOw2gZjw,0,0.0,True
25Jii2sOdOEFUccrGzAJqg,0,0.0,True
X4Lc8UdVx2a3EvufcGszpQ,0,0.0,True
CSOubdSUxlgPT6GmpzbD5g,1,0.0,False
zVe1protCqK2TkR8LpJtQA,1,0.0,False
ME9KAowKnJjgxDL44eOi3Q,1,0.0,False
F26SsmtF7vCJnTkhmY_Czw,0,0.0,True
mTdaoUZPz_tix1dyCGdVow,1,0.0,False
5XaMwu2bcMfAP3mI86v-BQ,0,0.0,True
Qmj5kB3b0yecXY2_arOWLQ,0,0.0,True
ud8COzuslLF48ohHgAIECQ,1,0.0,False
tCk9p_L-2ExL79v-Fmh_ig,0,0.0,True
CBxp7VgNgdbmrqGuDP37Ew,0,0.0,True
j515klfbCAEF3KPiKvHz9g,0,0.0,True
C8Cds2qL7B_KEZwQooLoFg,0,0.0,True
a0uVafYuojkA9Y1KVyH7kg,1,1.0,True
x4G3rfqtlAVQjaon2YgAnQ,0,0.0,True
gCuB21iTLn1INsI88hLNuQ,0,0.0,True
KQ-9imVktKQBz025y5JbTg,0,0.0,True
mSuYbo6-esZZvEGGJzr1NQ,0,0.0,True
50JxPXGTZJxpoH0ksR9ScA,0,0.0,True
iOnQLUbEfnSO7LUR4F87Xg,0,0.0,True
gfsJsEg9Px2Bt6ZO7ehDPQ,0,1.0,False
NiYl4WSOKu387JuHixm6_A,0,0.0,True
zcz-j8EiGyClxrzZnBMieQ,1,0.0,False
Gl_Cxnl_vFCfTGMlXxuEWw,0,0.0,True
qiQoaA3IeVBMqrmj1VpmMw,0,0.0,True
p30lqNW-63MQeDMybvW-nA,1,1.0,True
X15wgTXpLD-bJd9dMmZ1aA,0,0.0,True
wyOMi6P9E3C8Fk1IxlcLJA,0,0.0,True
tUMGHqf05yRUsBuTAoVToA,1,0.0,False
w-RzHsvV05yT2K-JC8DJUA,1,1.0,True
XD7hxupuU3kkid0tqsD1nw,1,0.0,False
uuq5XZIi7hF3TfCgPY0lVw,1,1.0,True
LApw7tifDbGcyJiRp7uwCg,0,0.0,True
__syM2GhX29mPUAXNvxpmg,0,0.0,True
Vem91uL0NUK_HzS4qNdJAA,0,0.0,True
rXLHlQP_ogFsa1JhHLhkEg,0,0.0,True
wdKwJFHLsizX7XrslgMwsQ,1,0.0,False
06R9xljRMJQDjAd-bgnEew,1,0.0,False
G4ZZHlp6CdYBZOirW2_PQA,0,0.0,True
cSA2pB43cv71ffdIvaEodA,0,0.0,True
R03p_2AxXpNtM31lutbnkA,0,0.0,True
AgtFQVxo-PGQVsOdY6Nvdg,0,0.0,True
qgYWglXd2dkx5xUWPHCKcw,0,1.0,False
g4Sg88I_j9Ua5AKV6O3HQQ,0,0.0,True
LXhL5X3edNRy7epku6UAEw,0,0.0,True
QiIWqxxMUmcgQi5OWEZOSw,0,0.0,True
SdQC_XpKOj7utRIZxRl4xQ,1,0.0,False
ZLBDopAGQgVMt6PZ1INcXA,0,0.0,True
Z5WJ8gYXST8Op143PR4vzw,0,0.0,True
M5w-VilxnZkbDJkHyZq0Nw,0,0.0,True
mu4ic-p0iXBT5Gf2RnuLXg,0,0.0,True
73kQzVMMVDxmR11VkjprUA,0,0.0,True
CvRGjwCsrQs1DYYL3z8R7g,0,0.0,True
rUQfZOengMpXFkLvJrNJ3g,0,0.0,True
n6WgaxPVdmFiBhZQ1tyJQA,0,0.0,True
OhCRdO-4v4zV90TMbR7Qfw,0,0.0,True
6FRqgRAiSwqWbbUCz5XIBw,1,1.0,True
Sbo3MIj1gx-Z3ChqnV5CWQ,0,0.0,True
hZw3aQGCTVv1L96rVUhDyA,0,0.0,True
wyaPUHdkVbXL1sP3QAdi7g,0,0.0,True
kbSFLe-qdPVT9ypSKd3AyA,0,0.0,True
3ZlzdGmPVLfoqcerIdT5Eg,0,0.0,True
52QtjHlHoa7V611bOvv1aw,0,0.0,True
l3N07ZNUCTgooKAoJcxQZQ,0,0.0,True
JdwvA6BxRBukQQecZUIYpg,0,0.0,True
wsjBbsRNvR3hOsdvez-ZBA,1,0.0,False
GfebULgs3_mmwvPSSehxog,0,0.0,True
7lFWEsNkTR0RwI4Dvhueww,0,0.0,True
-T_SlElsznE4GhOA7zPk7g,0,0.0,True
JnWjER-iSptIYSRgoJs50A,0,0.0,True
UqZA_5PzHuvlUCxRmdpVEw,0,0.0,True
mjjFVfjQfTNVL1Cq8zsliA,0,0.0,True
ECxKk6QlfUvz6GhUCichUg,1,0.0,False
O-4Py5dP582vRWThhHz66w,0,0.0,True
RikwidGD7inYb1F26NZJkg,0,0.0,True
iRg16D8dWjmv70NF68kgRA,0,0.0,True
IonLYduw8wMSDrJvyl8b5w,0,0.0,True
g2z5VLCCee_p-RuzMbcZdw,0,0.0,True
JUHRGe9NYJML_Ov3Ag4MiQ,0,0.0,True
qXQ3ZBdwI3GlbR5-eYWqNA,0,0.0,True
-r_4cKz_A8tj_SkiOL50yQ,0,0.0,True
Setor6vWoeVq0-ejdlq1aw,0,0.0,True
0wYV5XFr7PUeIo5Y8EJc8A,1,0.0,False
CpRO_EC8sbn93UE8Jx7zDw,0,0.0,True
6i-sOdjZ_qEWX-3OI_9Zcg,0,0.0,True
zDNDlbNxOI7wKixkk4-2ww,1,0.0,False
h_usUndeAdHj-wH219-wUA,0,0.0,True
kq7esIwZpYXLKPJhHMIZgg,1,0.0,False
dD4-NJBV9DtGApipWwoMTA,0,0.0,True
Bvw2qmZkzIJERXktRSl8Xw,0,0.0,True
OCfXJuLuGKS0s7pZsKCf0A,1,0.0,False
rIUitRE6s46DytWcvziXGw,0,0.0,True
Pkt7TCflitq9yK05kTh94g,0,0.0,True
PEvhQtqTM1PGkrxecakqZA,0,0.0,True
IOBuWp3l6m6O2DgyLiq4Pw,1,0.0,False
kGtuYNCcWwrZ2UXi97FQng,1,0.0,False
acnZqXktCu7_x2c4i3tMsw,1,0.0,False
EU-V1LuPB3hoJCgk3FMg9w,0,0.0,True
ehaKxqZX0nn-rvFFhhL0hA,0,0.0,True
xL7H-eMQDE-y23VL7MpLsA,1,1.0,True
vlKuU9Jvo88EuaYQodElQw,0,1.0,False
eN4VFQJw5hh7T7iWeHKZBQ,0,0.0,True
Cm1jT60fxb1DjwpqjWJ8EA,0,0.0,True
XOa4zlhemOiZFRubWLU0tw,0,0.0,True
GQB16Ri8lapgEXfsaOlbnw,0,0.0,True
NkiKSwALxibsUW2IZo7Q1Q,1,0.0,False
xKV873WMxM0EJ7NTtu4Qhg,0,0.0,True
11QQQ5lW6mlSq9uWdXoX2Q,1,0.0,False
LPLKFb1X1VpasjAiA-YzeQ,1,0.0,False
0A3i-c0_V4temKZ4BK3r2w,0,0.0,True
ySD906agDBf3IFoSGa2vOQ,0,0.0,True
BJ7ugrrEh-TXImFRiJ3fvA,0,0.0,True
BKH0VI_6nFqLq1fZgX7AWg,0,0.0,True
fhCF4WI-e9CJrwk1u2sdcA,0,0.0,True
Au2PcSBz3N212S7D10EbDQ,0,0.0,True
Db323qKEAXUNPh2bcdGswQ,0,0.0,True
-FTT107VGsLs6MzvK1GY2Q,0,0.0,True
3aR6QgHT4AFMsNG9e4T4xA,1,0.0,False
T_W5WlHVnPm4irKXNhlG0Q,0,0.0,True
k4eZK8yTufMDJi83tx1Iaw,0,0.0,True
2KAOVu8cloYC7xC6IGFGIQ,0,0.0,True
k5ACtpeFvNCWnjizgd2IPQ,0,0.0,True
q9fvxkwOgjljtlq2BWvJsg,0,0.0,True
NITZJoVV6100STzn4WBfPg,0,0.0,True
l8cYASHIwcWvUTYF_DkkTA,0,0.0,True
8CLzh6KVpy5DoXRRFgP3ag,0,0.0,True
7YZ_khC1aXY54oo_TEJ_5A,0,0.0,True
CvQ_odE6Y_ksi2CKK9jhLw,0,0.0,True
82pWLAlsrdpKu8tVS2yJKw,0,0.0,True
Syalz3lGvsi12-XGV5U0Kw,0,0.0,True
atlCFi5ks27Nz591BMLBHQ,0,0.0,True
IcAk0BvR8xcE8xnLpbdOvQ,0,0.0,True
QWloDz39uJg65s5UIGhERQ,1,1.0,True
HVVuPeDXbCpEfKWiGlvK-A,0,0.0,True
QBfqLdAfFaU-eF12_qJfQA,0,0.0,True
FgANPo60oV4Cf4AUUFrZ8Q,0,0.0,True
tEoHACBm2hYCbAfKm_HpaQ,0,0.0,True
IZhbMYJwpxPSvjkPdXb5Ww,0,0.0,True
e9djgIbIn-toCOwmRTpgCw,0,0.0,True
SUEdQBTVHE9g_kK9tPS7IA,0,1.0,False
nR-eHqmxjmrS6FwU3jBbSw,0,1.0,False
PUAzV3AcVgJp0D4Pu1jnNQ,0,0.0,True
T67Sp60-oA2x15reB7EqiA,0,0.0,True
KSPVmqrbTRfW745dGTnl5w,1,0.0,False
v1YgdW3HVQ1skhLgX7CPrA,0,0.0,True
lJlSibVhiI3cLc98bgYOrQ,1,0.0,False
xzfZTuHQGJHIeEN2RSYj_Q,0,0.0,True
_qL-mxdIwS2_SBjNQtaLLg,1,0.0,False
6xmDfYY8N0FzbwNEcu6uHA,1,0.0,False
YvHS8phAkDFgQQ_m--WxfA,0,0.0,True
EoJwrZ5QctIwNDNe9oamhw,0,0.0,True
cmiXYlvKmOFnuRFbQXA4rQ,1,0.0,False
f9dxqk9oTmotquKN4vcRCA,0,0.0,True
uWKoxntxWgaEPZtBpgTOCg,0,0.0,True
kymUx3rIPt1_FHb2_TYSZg,0,0.0,True
gz8n52JKrmTKn8-DNsbkeg,0,0.0,True
nk6_ipMkmUvUtq6Xvncf0A,0,0.0,True
DY37shpeBx2LFonUx7hnCw,0,0.0,True
Cuu-LFE-8rHaGTGoATX2Iw,0,0.0,True
I4FLVxAq-fSQxvIjeqTvsA,0,0.0,True
V0YmsAU6hWIjm-rerPhJjQ,0,0.0,True
NG6A1dF_kEpvv7yCbDyOXw,0,0.0,True
Db20oOTQpezRwPrVHnlL7Q,0,0.0,True
yExw6BPRjDui56YsU5Ngbw,0,0.0,True
ye4n4LJFxY6sN98QDzJiWQ,0,0.0,True
94twCOpyD7FI3i95oiXnmQ,1,0.0,False
M_6OjX5627wnugWI-tostw,0,0.0,True
X3hzaHGzv9WLg4EbZEEwXQ,0,1.0,False
Pd6F68qHY14IlW2z6kczWw,0,1.0,False
lGiElKa3dssalFZfYV7ngw,0,0.0,True
_qfZH26gQGCyx14pT9jPOw,0,0.0,True
IraPoq6RFLTX9KCuT0UsGw,0,0.0,True
JzoFgoeHRShw6BcMZVBA4w,1,0.0,False
CsScv13bILZvI6L_l0oqxA,1,1.0,True
pLB3jT6v9IbBlpcpIgwb4w,0,0.0,True
hz1XDvLXsNBsIyR--kKIJQ,1,0.0,False
4ftEfTYX_AOqrfSuZWzhtQ,0,0.0,True
1nGDRkheMahtoBGsfWTe1w,0,0.0,True
eVBoSU_epwPsN3SUo0-ZOQ,0,0.0,True
E5Bx6OvsveCW1sPcNGJDsg,1,0.0,False
WTzViKFRq5vjTw4fHlFxGQ,0,0.0,True
RJBjAOFApeZvezKuayGJHg,0,0.0,True
WtmrAMp66lkQO4mk0Ao1fg,1,0.0,False
DqEPCXcjDrMdhM0FzXi7CQ,0,0.0,True
XsDFvUcFxnOEOw9zKvO-iA,0,0.0,True
NqmbT5zcEpV52qx1bI1ZdQ,1,0.0,False
ukQM_fKwj9go1fxFODynAQ,0,0.0,True
ckLRf3lYn9DxmNxd-mu2yA,0,0.0,True
L301nAXlPbCu8BlRnVuABA,1,0.0,False
6VpBO3WUToqfFQYEXnmD2A,0,0.0,True
PqbghB7yoOaxRgHXxTWfAg,1,0.0,False
GkGgPX9dDS7Xd2PCDmBlIA,0,0.0,True
efnAZU_ozloDkyO8lFbnfw,0,0.0,True
UvlNaaa-PmCib2lO71NW7w,0,0.0,True
vE0-p6JOWQAzp3TAO2Ef6w,1,0.0,False
DOsibibrvkyYu-Srn0kPNg,1,0.0,False
VlXMRqJ1WozBrXbvXmXHGQ,0,0.0,True
6pSau1JS7bFVVuI4S0zwsw,0,0.0,True
QMH5Y66J0XGhQH1BfpK9_A,1,0.0,False
5Ix5Gmiaac5adkaFj2fAew,0,0.0,True
T897B0loLAmewEP67aYYDg,0,0.0,True
_dzVl-2er7vBErss9uCrTA,0,0.0,True
vZERXb-ddZMaSw7j1K-W6A,0,0.0,True
Hph8lO3ntDwiyFErKMyPmg,0,0.0,True
k5lqzRCqe7NMRy74QW3PaA,0,0.0,True
SYSvcy1VVQoprZhYVuMydg,1,0.0,False
A6ebswtVgnFpxwu2K4rgew,0,0.0,True
fiSbGmzv57BPNDr8HL2wyA,0,0.0,True
s3NM3Lgh6ZHvY5sN9f-WBg,0,0.0,True
3hnZRPiWMoIaPtAx0KIZwg,0,0.0,True
Nv7DEqNtAzHtdnRRVh1DCw,0,0.0,True
chyFbCDS6Ava3wlg1-a_jw,1,1.0,True
AoQ53rJ0ZWvVgJYRXGduKQ,0,0.0,True
xuyyvkGCSTi-BoqsxN-RMA,0,0.0,True
Zkh_SVBSxLxEWLAjmcTvMA,0,0.0,True
bxgS6_HLquEvdCIyQxLefA,0,0.0,True
tRmTGJj4I8ouHX_i9WKXoQ,0,0.0,True
BLgompwxisH5aXCBH-JROA,1,0.0,False
WTZyik_sT23NfN2C6Xhb3w,0,0.0,True
Ajhc8sooWSX5cCkz4LVUXA,1,0.0,False
OqGBeJHpyhHfGmcOjTVLvg,0,0.0,True
aS2aNPE861FI4dRrz1Z7Ow,0,0.0,True
KDFTshmwxKn6nSi1L3FuUA,1,0.0,False
-SB5exmdSotbAFh-NwMmbQ,0,0.0,True
cTirJGp4NdxpbjzBovs8Fg,1,0.0,False
LsU2nh3DREZCmV8ZgiSc5A,1,1.0,True
qVo5hRtqrVSf_cMYb2_EXQ,1,0.0,False
OlJ3Cwobm2gAfaiZP621eQ,1,0.0,False
CkImMpjQrEOjyohxzPbqtw,0,0.0,True
EWiV5r_ELrqFyMquwLmtZQ,0,0.0,True
vmxzak1ocXOZ0WBgxZaKAA,1,0.0,False
lN5Y3gkkW2ISs5ofQNl7TA,1,1.0,True
PANNXMHciLVmC1949NjObw,0,0.0,True
HcHfb3BV_iUpiZwMLuxWKQ,1,0.0,False
1YZWz-BOVCyCltM5a-SxPw,0,0.0,True
SfrBXbRdNB_gqPkIgJyKCg,0,1.0,False
23ciZV7H8j9Pj2RIODUZOg,0,0.0,True
exrK74Ue3ieZfAD8Xo0gPA,0,0.0,True
PLUh7zB-tARsfN8hIidVmQ,0,1.0,False
OcHi9gMZ1wdKnXX87zpVDg,0,0.0,True
IAKgni8zlUjnfkKFT-nVAQ,0,0.0,True
1e-o1Pkqa616iUslpM9NiA,0,0.0,True
dlWEAJCFIRqkzMtKUlIZ7Q,0,0.0,True
CK6Vf3ii1Hj-4AlgbS6NJQ,1,0.0,False
1hyJEY-DGD898iN6S-AmtQ,0,0.0,True
8drHO8RJB_LqlO47BwX9_A,1,0.0,False
-WSjCtbtYJ6LYt5p5E3p5Q,0,0.0,True
69il2O11WbxwzIpCmeAQAg,1,0.0,False
PLAN0dXgsT6f66DY47w4kg,1,0.0,False
KFbxRthy3tKt-oi1Jp7XdQ,1,0.0,False
73-B0bz32vYFy3CLa-kyKw,0,0.0,True
r_0k2yqAo1Z4tg_IgXr7Jg,1,0.0,False
FQ0JmZYauYVjhGgv_RORcg,0,0.0,True
GpM75HH17EN6T8-Zoz93AA,0,0.0,True
GfuApsBX3jHdZGgWi8PTag,0,0.0,True
NhA_Fg-0ywtg8ut2RjUo0w,1,0.0,False
k0MLfppKgJsUBUXR2y01UQ,1,0.0,False
wdojXF5Sc5oy7x44Bhph3A,0,0.0,True
dSr2UsTiS2XovCua2OBS1Q,1,0.0,False
yKgH-EgKNuCFpZp33SNxlA,1,0.0,False
YZAuhPZyhYTtEnShnTfixw,0,0.0,True
9tq7BjKae_kxF9YUvj0IgA,0,0.0,True
wacTr-7FUC36-WWioFFieg,0,0.0,True
49_apZ-t-Gt0Q6plGgbgbw,0,0.0,True
a1gteF6CQwGauMoGddDZdA,1,0.0,False
SHqtcQ-aHmZjQng-DhRZLQ,0,0.0,True
bjdCWCvMcZ5ZYZ461LBcZg,0,0.0,True
aCEPQdj5fPIbMksQ4_t3YA,0,0.0,True
XiTZIlMsKUiGH0lNxGJG3g,1,0.0,False
DPB4hpqCd49yC8BwmsOAqA,1,1.0,True
vkGVl6nfFoFZO519vHy_jg,0,0.0,True
8q8GMsDPYp4JVdx6k-FeTA,0,0.0,True
Uj6RP0sOPW7gNr8M3N0ciQ,0,0.0,True
rIvyFkBNhJQYkdJzDksYlg,0,0.0,True
s9Ly2CSmQ417Lo9clnJ1QA,0,0.0,True
6jptevtj9ISWuSox9YOzOg,1,1.0,True
xIoJkKFGx45iKtqXK5cDNg,0,0.0,True
pkymE_0e7IxrQJhYaGtaCA,1,0.0,False
fQYh3SW_QEL1uSB23x1rnA,0,1.0,False
Vz_7d6zmbCw8fLMpJXL9QQ,0,0.0,True
wVqMO9LoOS6k-Il5KRBYYw,1,0.0,False
H6yfW3cQ--UOtCjjzTNekA,0,0.0,True
45zwZWGbka5zL1HOxmh58A,0,0.0,True
uJSS0Kq1qoiCTXQdxxztrQ,1,1.0,True
MYHJe4UhdwyAIA1zxR6_MA,0,0.0,True
HV-0vQADkXSKqFCz9HH7vQ,0,0.0,True
DzBhu_O7oxl8EosbH1to6g,0,0.0,True
blx7zxfY7Xq4bbj33IQv1g,0,0.0,True
yjhhCSSWSr3CwUL_XHokpg,1,0.0,False
H3F0HaaWiSA24uEWckHTvw,0,0.0,True
3KT9nr1FTTAWPSSm_KVWgQ,0,0.0,True
4D4aSfE6kvBvdJhqBuODoQ,1,0.0,False
us7zoME3iW84mo_Ykt2ZLQ,0,0.0,True
bmZcT8HqKxU0b_1WOwgOsg,0,0.0,True
yE7i4cmwhtlKbFmrWoY6aw,0,0.0,True
m87mMDVG9RwhzETgFRq1_g,0,0.0,True
CSz3N4vSxbMZi1O2EXeKbQ,1,0.0,False
S70O57tb773gGFShZbUiqw,1,0.0,False
cE27W9VPgO88Qxe4ol6y_g,1,0.0,False
86hSYWReOuUJHMA4srZGvw,1,0.0,False
XQokPEF3UJU2CIWj8rnv3g,1,1.0,True
ZnIQBIa4A1oKb8qmQIIBrA,0,0.0,True
Fe5C9BczHbPIpsn8mKtxuw,0,0.0,True
oeGNIi1XEjpEXb8D5HdEFA,0,0.0,True
kV1Ev0RA3L1gRbU8GLeN2Q,0,0.0,True
j8073AOyZGWGfSV4vAKGPQ,0,0.0,True
JXVadcnuSd8ldku2E8mJMw,1,0.0,False
BVJlVm8w5ioi-S6GrY_ZnQ,0,0.0,True
6Xw-SA9pgUVPjUsCYI26qg,0,0.0,True
EyvM1Oup2yYdxisVA0CvKA,0,0.0,True
Z5jEgm_MH5DZ4GmgUH-TeA,0,0.0,True
PlUIAROWvdsM0KQV7IIqqA,0,0.0,True
mCJxU7hLag7xOhOz3z-cwg,1,0.0,False
WZza4L8YDhDgVMx7DEBfeA,1,0.0,False
bKRpIJvOxh65a-koMa1V7w,1,0.0,False
YGMqGY39YUjdIV18IEj-0w,1,0.0,False
o3LQEzYHSYyY31PZ26yKwg,0,0.0,True
m04T_PFpTI6clcRTFU7NLg,0,0.0,True
JQ67Hjr3hNhlLDmMvwEiDw,0,0.0,True
bvLYyRiXFjHxSmARAxjj3A,1,0.0,False
Fy94rZs9B_XS6YRCRjYIjA,0,0.0,True
BpKA69KYS2WTvLqgij5_Yg,0,0.0,True
m-4FEd8h625d3BCRXQI7QA,0,0.0,True
g68i6-Bbu7uYQOKOQX8Hsw,0,0.0,True
wOjePUINrWI1MIJnjs5_5w,0,1.0,False
mZS0PmaR6fHEttmgJ1h8Wg,1,1.0,True
57RwRDqYrGrYJc2wwTgHLw,1,1.0,True
fTEkbTRTlS93Dp7Zp9Q9Aw,0,0.0,True
NLG93lHcDCrKhHQb_DROwQ,0,0.0,True
V-Tm3L3VnGfQ7cNLDHRlAA,0,0.0,True
hWhkm0CBERtqa-EhTmpecA,0,0.0,True
TSBDz4PY39DaWVMLaE_P-w,0,0.0,True
W2hmLVBpsqzlscEC4dG3zg,0,0.0,True
rWOWlnMwOphAs2qRIT865Q,1,0.0,False
9kue6njdYLYAr-ve65L0NA,0,0.0,True
JTjeH2-D8NtLGHXTO5S8sw,0,0.0,True
Ih4HSyzm5fQHDnKOn4nmwQ,0,0.0,True
8bolbZSFWNk1stiVMXqLWw,0,0.0,True
YxQ1ssiSvjmprGHKygKfcg,0,0.0,True
AWKiSjiGHnyAIGnASO57ow,0,0.0,True
92X53OqfjWfzDr6hXLKy9g,0,0.0,True
OuaxTQzO3eQ50dHY6-47JA,0,0.0,True
4wDCGshJmq2CpZEImXX6QQ,0,0.0,True
yjDDcy6pXbEC-5BRkeswXA,1,0.0,False
RI0YEaVNAJLe3zHZNtiNsQ,1,0.0,False
Sug20LoVRUG6mk1rxOJxmQ,1,1.0,True
PxV6WsI_y6S6ySWHODT92Q,0,0.0,True
rxSI27zx6RhzzWc5r1A8uQ,0,0.0,True
XWgsRwCgUfd5xDdNwGyMTA,0,0.0,True
lcTvWTFNumxkTBZpSkk1aw,1,0.0,False
c2PDuEFxHpHcbFYc1ysV2A,0,0.0,True
xVaPo0y0qTnkglMGaFYaWQ,0,0.0,True
oZaCeojhVeBMvcjk_bFDag,1,0.0,False
oZnDl9u2CImtvvKrc3KmPw,0,0.0,True
atARVxH-1iiNKJgbSdxrHg,0,0.0,True
TrUlUCfoa1L034YKEermnQ,0,0.0,True
1dDeTZyftyjjE7IkxGuftg,0,0.0,True
i52eORoeWujZ9y_w3Dos5Q,1,0.0,False
ChY2ROiPWCzHGzvJ_sErdQ,1,0.0,False
FouuQ7viTb4Ief1ZxUtb3w,0,0.0,True
T-hoctrFbfDULmRty_2UIg,0,0.0,True
qHxliBf1aIZwpVwXKZKirA,0,0.0,True
HnPMt4Lub6LV9YddPoh1IQ,0,0.0,True
eB7jr6YI5EZvSiGLPspyZg,0,0.0,True
hvG3fEf0My4xOQL_90MJmw,1,0.0,False
_5I-VfhdIvSzbrbQAkTtoQ,0,0.0,True
oPicKmReVNieKu1xnga9vg,1,0.0,False
D5Q56uBD9yMF8l6tdQK3Qw,0,0.0,True
9UZRyiiGGu9zIvILIlBs8Q,0,0.0,True
lPONCVSGRrobKoZtZQh0Gw,0,0.0,True
poE8oRJe7SPKw_gWHIQ-kw,1,0.0,False
RBiiGw8c7j-0a8nk35JO3w,0,1.0,False
t719u5GZY0yPX4U7t5whrg,1,0.0,False
rJP7vC1lwsJaT2zo5YOuNA,1,0.0,False
-JDr48-qoIdHB53femKgzg,0,0.0,True
SmJbLEfRa_QKD7RJZJ70Dg,1,0.0,False
cXESPx_tTKsYMqFAQdCAtw,0,0.0,True
ngDZE7Mu_DTK__B8FwShYQ,0,0.0,True
P0G-nPwlviBb3OuKwj8soQ,0,0.0,True
AstBY--d6rxLfrVIfXHF0g,0,0.0,True
ihUNsT7bYp0_D_1EBtqk1g,0,0.0,True
aOoL97QDyIJRy9NVwcCUOg,0,0.0,True
B8ujMtvvpHyEQ2r_QlAT2w,0,0.0,True
_OrFfXFJF5_ZQye_RZUGyQ,0,0.0,True
mx6Ia6X3g7UxYuPyPReqGA,0,0.0,True
ALqygKZXxuVWGM23pFAiPQ,0,0.0,True
wehqTDVRZsOkESgAoYBhow,0,0.0,True
5vKdGeias7HTd3o6qojDFQ,0,0.0,True
Ks-bqekP7c_lGN-RCBr79Q,0,0.0,True
PIi9_ULTTjs3AMtzs9i0mg,0,0.0,True
72dssggvJOmcip7-1TsDFA,0,0.0,True
ZX-XJT7CDRVlaq4ZOZH4Yg,0,0.0,True
AcYJ6qYKY_46qE5zabJP0w,0,0.0,True
wZQuzNUyrbZIzzDlgo1GIg,0,0.0,True
G1_uulnhkAUBsaMAlJFc_g,0,0.0,True
p1huyy7MxRPTWqFq0FGJGQ,0,0.0,True
Pik0Mlp4md7daoBjR4emBQ,0,0.0,True
mdU8BZubr4kqNEA4qvsBUA,1,0.0,False
O8jGKdnAJC_OkLnCJYKjzw,0,0.0,True
q48Iyh3Rmg3Ixgt8iamRyQ,0,0.0,True
VNfCMuY4vnqi_nW5WnZ5Lw,1,1.0,True
NwAlx6IKD3GZxxvbCJPUMg,0,0.0,True
lTOjdsZobo4Cbo3vagpEcQ,1,0.0,False
amIe423ow1l6fH-wW93JYA,1,0.0,False
KleJUKZjGFFhybrcpZIyHQ,0,0.0,True
8yWg1t_kJ__MqSvp6IOvJA,1,0.0,False
M41We2n-OmmYzo8FcvW-1A,0,0.0,True
8Mb6nc1Qt0cXWue67DJ1aw,0,0.0,True
NeRjPW16feUHOcDJqexUEA,1,0.0,False
VnaUK6GR-ZUELGrBndJ1ww,0,0.0,True
rZR4HZTNIoRCUVk4Fp4z4g,0,0.0,True
FTis0gLSU7gLXAiyDYdqBQ,1,0.0,False
hx9lgcVZXiToXS0ySiGGaQ,0,0.0,True
FT3fZDLg8EiL1V2I2aKalg,0,0.0,True
XGK7mKZJQtJa77Izhx6xyQ,1,0.0,False
tfsIDORp30GGdaMxwfGDXQ,0,1.0,False
WRWCWVHJgaKiJ_cABpbxKQ,0,0.0,True
3xAF1PxYwVKudPMwwFLKkQ,0,0.0,True
POLmm9JrxZ6h3f6IHfvSNA,0,0.0,True
x5ikwPZMjy6y6pSFaLK2gg,0,0.0,True
BYzpVx73bjRWkdGMe_bx7A,1,0.0,False
vpAvqlV2uWbwVd3TSPwQQQ,1,0.0,False
5Hd4vp5bKPq-W8zPwabYhw,1,0.0,False
XZK4N683_sPkQ2MYyafD3Q,0,0.0,True
qLa_684GMvVfR4WNHshQSA,0,0.0,True
0b8h1MBOXwQuZWTvhmTX7Q,0,0.0,True
YzqpmUayG1dhUjkVe8V9Lw,0,0.0,True
_Cpi5N__9kqaNTXJSmWj8w,0,0.0,True
bcjTnJvhHvuksE0HFyg_Zw,0,0.0,True
1Oh57HwQVVEEjtHGOtqD-w,0,0.0,True
hxruECjY-r3Y1WBaFcl90g,1,1.0,True
sJNWti1OCerF2B9oHsAjVw,0,0.0,True
fQjNEXSyiVS892CAUmAtqA,0,0.0,True
aMjlv1jEJLQ9PxsM_NJVAg,0,1.0,False
a5ovPlhQkcA27FFu664xKA,1,1.0,True
m0E83E8PWr76MHaf7prCEA,0,0.0,True
f50FVbyXd8mPDysXTp9F7g,0,0.0,True
9zR5DKANLMqdPmKdW2YodA,0,0.0,True
QQplckr0yVO-8DSPFpbGBQ,0,0.0,True
RE3xkxkjmHQIARrLSIeerg,0,0.0,True
xx7YzcklidfM1FChVEjqdA,0,0.0,True
LUk-5l8to6GnhCKgFzNpXQ,1,0.0,False
H-P8JTKl0rCsjPZ6-0jiSQ,0,0.0,True
5KvACngWeTw2j3ZkxzSPuQ,0,0.0,True
dF_W0phEukIIyX0Ride-CQ,0,0.0,True
BxQ7yVoS31CNri6UEDHRKA,0,0.0,True
DG2JgozjEwf3nFRkJgreoQ,0,0.0,True
dipzJ5BExpm6BtJ91mXd4Q,0,0.0,True
V5Jq0oT5DitHzmOIQO65yw,1,0.0,False
UW7OBDpk6elxSGDoH59btQ,1,1.0,True
wIELA854U75yWe846YnwmA,1,0.0,False
OFiQ34TNKEE5a00Vd8Kwsg,1,0.0,False
Z5oAqLGn2jpWXYu4z6CsUw,0,0.0,True
mLH4DEWVcYVFHwsVNyb-uw,0,0.0,True
d6uZhsU0kZkXC830CoKjfA,0,1.0,False
XL6fitw7YHfA1n77H2Xmcg,1,0.0,False
l7tTxHGSkPglJb2qCetjLA,0,0.0,True
ttbe_vVLjA6ExcNaLximFw,0,0.0,True
-JYWpdJfMkqCTA_7fyz6Cw,0,0.0,True
OQIDPNTLuOD8io9FoKKIKA,1,0.0,False
RhO_j_U92lRZPHtxQh5n1w,1,1.0,True
WCW-pIlOtChGuu2LnJzaMA,0,0.0,True
yTlW8Xh1wPpvHBl3dGz9mA,0,0.0,True
Gbls8ltK7NUonYrW-kRK2g,0,0.0,True
P3xS91E0LhCFmzrd9Enw_A,0,1.0,False
CoRC_Qv6nq0feYFrsJXG3A,0,0.0,True
vVzVwKtUdDqw23arc-bpPQ,0,0.0,True
mkx8eJQNl0j7v5hILV6m3g,0,0.0,True
_wS-bbGfXSGFnFMfY5S3bA,0,0.0,True
qqt3e3dk1Wr8-lhNJrvvXQ,0,1.0,False
ps4-uXHymYSa6tjxLVZ-wg,0,0.0,True
sSiTG5DvIXRxFUiCo9H9DQ,0,0.0,True
mHgi91lUUK5D-UNcv8HE6A,0,0.0,True
NqiMymQO86d7O60LDArA9Q,0,0.0,True
5BvfodvL-wuBDRy4cPnk_Q,0,1.0,False
o20LJBWR6NUEuwQLs7z3Hg,0,0.0,True
owSUyyh0E-SuMUVhEoYRfQ,1,0.0,False
uVMKdpleBePeFKjixU6AMQ,1,0.0,False
STu1crcrbC_UEaBV4BsrAg,0,1.0,False
lPtTXn7_VOwqypZs07j2nA,1,1.0,True
m1pS_qPPemVhBQ3L1mG5SQ,0,1.0,False
Br9Ruk5yY9ui8OiKChWdgw,0,0.0,True
a2gl5lUljzEvvyDHLrM_0A,0,0.0,True
kW4gzwR4AeouKXRNz4Omgg,0,0.0,True
qUNF7XBv0dRedP-4k5HJ7w,0,0.0,True
wACJV7-9zFY-WuOKMgEKJA,0,0.0,True
ttjDIKdZcEB3bREqv4V2JQ,1,1.0,True
fmfiSDAJtjxbnRBBtYhnNw,0,0.0,True
hk6PRWuViAuP-BV9bh-IQQ,0,0.0,True
wim-TKBRSGeLuzjj3SaOIQ,0,0.0,True
xZiIUCZ-NMmkxgYb_NbDrg,0,0.0,True
1a2BbPBVjCfMkoX6JqA4pw,0,0.0,True
zGgnn2-58yKlJIRk9zcL-g,1,0.0,False
PwCIMun-O0dB7Kh1NP7n5Q,0,0.0,True
tJdfLkvrIsj8hjX275QsnA,0,0.0,True
ySaOfyLJcvvmT1US0YAkKw,0,0.0,True
i_qrjn5bI0IzJ4ZnllRRhA,0,0.0,True
LQWa1oFDa5xpjfaYHwBwqQ,0,0.0,True
1OA1jo0GlK9sf68f00w8ZQ,0,0.0,True
pfV1QVLr4qjiQmmdkMfiAA,0,0.0,True
Kfbs3K37ZczrOQnoxgzNkw,1,1.0,True
D9QHTQvjuJdAiNDuanWfCA,0,0.0,True
AvuWSAwTGWtW5zoD-pJLUQ,0,0.0,True
YdN00GJNgC5uY8tlwbzr0Q,0,0.0,True
RHX4YfjwzUmPOq-2k5cGCA,0,0.0,True
LGKxVBI0fxKqdOUuOdPNmg,1,1.0,True
qjD1sRCQIQoVP6nFIuomNA,1,0.0,False
wRnX8AV5CAAJnEgReTMaHw,0,0.0,True
nY2QBNMEfT3j68j-DHOGyg,0,0.0,True
TXasnB1kgwddTf5AaLfUsA,1,0.0,False
qGffC4h6UOTSkLhzjj59FQ,0,0.0,True
lK2KKnsd_HiFLnOXOgEjEQ,1,1.0,True
iGb3sQ4wCofUJOycrn0wQg,0,0.0,True
vlgMKI-Pi5KCaYqKB0aWIA,0,0.0,True
Mog8cxUbSs5DJ-4nGczi_Q,0,0.0,True
nSWF-jAu9MDDkQBzcBx6Mg,0,0.0,True
jeoEQM5nHZIRLscTJux3MQ,0,0.0,True
2MTRnXeTH6ZMSjgBhS6Cpg,0,0.0,True
yb5rhsIWcbY6Tg5URZvi0w,1,0.0,False
G8gnKW4aKckwtSe_XbP39Q,0,0.0,True
-4vjcfGpSB2deqkySrKEsg,1,0.0,False
BL3SqCfSJuDTNDR9_b9NdQ,0,0.0,True
sK1SCz0sSj6M2_8LO74JMg,0,0.0,True
XpM0onBzrwHABjrJ1jxMHQ,1,0.0,False
eopVWkFQ_AB53m_17bCl-Q,0,0.0,True
lI-LWQETbT8RivEHt-7jJg,1,0.0,False
pH_X1_0Zeg7pwf0ACoH2Ww,0,0.0,True
WSn5MVSNpagFlRI_Z7lMGQ,0,0.0,True
ymGJaPobZ_LrH9wQgTjeGQ,0,0.0,True
vZDfvDkiBfWMigOrniuGnQ,0,0.0,True
nDnDo0QslWQkU0c8_FxP0A,0,0.0,True
rXQn6FNGO78zeY6Jc0og8Q,1,0.0,False
KRW_MPr8TCZhar5UaM8hmg,0,0.0,True
3ffnHPB2aToYmZymmzVQgA,0,0.0,True
xzoNvhchK1rzEZGmwbSe3A,0,0.0,True
FdU47_i2BtDHXIKDuOsINA,0,0.0,True
yo8hYYJrDNHe__hBB4TLoA,0,0.0,True
it1cP71lWcRaUkr4IwuUNw,0,0.0,True
eoit2lKMtT1MfZwIheeX0Q,0,0.0,True
prdos6CsxKIhyJZbaUs2lw,0,0.0,True
Dkj08nST6OTDEPoAsV2E5Q,0,0.0,True
xZ0taQBFqopFNXUuh0IZPQ,0,0.0,True
spRlCRBIYn1f4oAUOTVYFA,0,0.0,True
AlxZVcq_DOobj6RwTejrXg,1,0.0,False
-Aq-lZ8srIOoqiF0Eb7qjw,1,0.0,False
F8ljll9IJhgUmOxUshlqiQ,0,0.0,True
6fQaIVNEtsk_Yg7FXI8nAA,0,0.0,True
OHMabvTfVSuOrq-4xT13-Q,0,0.0,True
WItRLuH8Np_btPnoGaF5XA,0,0.0,True
bg9kHPVOx-4UiwLbymxH_A,0,0.0,True
4jMoBw4215N9GNXWRqO2ZA,0,0.0,True
EfmGcKIuG05OlY_mcANMRA,1,1.0,True
B6sT5YGBYB9KfhkiZtzQ4A,0,0.0,True
wy_R4crNr1BH0CP87y9UHQ,0,0.0,True
ulUCURPEKHU0Kbl436U4og,0,0.0,True
oWq_NiPJq20svbRCJ1hLGQ,0,0.0,True
1Z-_DX5cfBpC_llNQi9Y_A,0,0.0,True
bnHD2YT5OvwdWG5ONxR3Cw,1,1.0,True
Qiqt_BV5_sm-puYi-RENSA,0,0.0,True
f5D_yYKbehjNoX62bijaOw,0,0.0,True
Pp6Kt9oen7XnAj9a1z0huQ,0,0.0,True
xqz9atx-cle4eA6cEl31IA,0,0.0,True
oaz3FFuTaWwcyEAXx_7I6A,0,0.0,True
AOHOTyehLujxH8LikpKrJw,0,0.0,True
wZzUPdHpG2PM09evT72RMw,1,0.0,False
AY6R4mkDmQ6z9jExfZ33oA,0,0.0,True
iCzJpVe0WlPGowbT7Ls_RQ,0,0.0,True
DfECo0OSJvXZbLKjZU9Ncg,0,0.0,True
iPOvppPpoMPUMPyVN81JLQ,0,0.0,True
jGCBQRRvtGWBTUse6nuGQA,0,0.0,True
aJgpI5QTwdE8ZoZmTeGxIg,0,0.0,True
D-S5owhWXACD_9S9rRDxWg,1,0.0,False
K5MZ0uqh0JIFe03xriYnwA,0,0.0,True
KgJko4q5jewH8UD7n0eQIA,1,1.0,True
Y6vZpT6FB7uQftDGf9jaDA,0,0.0,True
VfzUmXIgowYKutptfwR7Aw,0,0.0,True
mEEFJKFcIklA8qjUpA_WUQ,1,0.0,False
PzYjXRKgDwjVg1YicWuYLg,0,0.0,True
99-EV-YgOKAO-wX05pQoNg,1,0.0,False
D3wGnMc6rhMG8FBM0DuR4g,0,0.0,True
Qlvu_nNRJAUfJdaLcVk-Qg,1,0.0,False
xXI074jXPF3ocxRo_6D7kA,0,0.0,True
-J-kQpDGIkX_1XHfi0HG2g,0,0.0,True
3gW2RXszp01HcZqItaRKNw,0,0.0,True
FBuNLiL2KILEQ9e8SbNWPw,0,1.0,False
Ay840nDkj5qfHTAKSrb1Sw,0,0.0,True
6_ZPbupZzPf2f728EOODVg,0,0.0,True
18_OGahBYBWbXYLeI0jzzw,0,0.0,True
Ni9C6R4ULJKxM2TV8eMdAQ,0,0.0,True
30XYjxwNx9QdcWZEvrk0Hw,0,0.0,True
TcrPZA4QUSyy6vaoIw7opQ,0,0.0,True
HD_D2LTNTL6EXmvHF6x1qg,0,0.0,True
QVF5DZLpn5mmuZ9pjs_IMA,0,0.0,True
-h1WpfgqAmJcJDqyXXJ2og,0,0.0,True
yk4blU7jH3SzqEXnPh1ovw,0,0.0,True
aZxOgq88dKetB2ahJsRRQQ,0,0.0,True
uPYWI-uzlck9BOX0P94iZg,1,0.0,False
BUsK0_o9_OhlnrwBzaJ_MA,0,1.0,False
VRyVgAHNh2z7hvtWc1Pi-A,0,0.0,True
hF0p0dYtDqOfDyKTVUeGZA,0,0.0,True
N0c6ihE4jrpf9ao2lIBjkw,0,0.0,True
6nE3bJYMqaAkfp3EBMW-Bw,0,0.0,True
ub-3BmVYifHBsrhCSU24vQ,0,0.0,True
jV0TnD3sxH7fLu4Pn0BD1Q,1,1.0,True
RPGMKwlDBm0H0Ou7qp8tVA,0,0.0,True
hhC02OKU6BWRvrNJQiEIUw,0,0.0,True
UejjICew1n5df8Tg36gBfw,0,0.0,True
4jxe81SmrVLp_XDUIpXYMg,1,0.0,False
BYy1TwOpSNkLCON7I8WVdQ,0,1.0,False
QRemAT_hDSsOW6aqqQ8E7g,0,0.0,True
obp9GWaEnTplW3YxhdexGQ,1,0.0,False
PmeN_flCu1DonjP_g90sFw,0,0.0,True
bPCBhI4iMIQyP6c8Zxkujg,0,0.0,True
EmYrg9eZoT0zoJfrcjV8Tw,1,0.0,False
hV-Ixd5gUeLPQMtLy6ZC2w,0,0.0,True
ZeuWrdlfcxs1rBAz29W-OA,1,0.0,False
txQjTgJall4TrMr0jNBPDQ,0,0.0,True
BBCCeY9V56wRjpw4dCWv3Q,0,0.0,True
4kNuUwXyfeH-E78TsMCuwQ,0,0.0,True
1k9rmSjcpnq9aAm1x_oCtA,0,0.0,True
8roNiRpqPP5AaAHsoatRKg,0,0.0,True
8gwpcfNmyWauK4rU8YG7rg,1,0.0,False
J_wORNzgWDpzgSKZGxF2tA,0,1.0,False
gu7ZsDq4h0hhK0zcGkTCcw,1,0.0,False
S_XFU56u8glJPmjNYKgB3A,0,0.0,True
RE8VQAjKtowpuE9GVB1YbA,0,0.0,True
xlGCjZ2OMyR8VrJBu-VsGg,0,0.0,True
e1i7gmENjo9cUnmTlKM6dg,0,0.0,True
KG2_DIW4eI493VgnT5cggQ,0,0.0,True
37NiLnR7_gFMvBmYPsoskA,1,0.0,False
C8_1pXBugpPLmv53l2Xi7g,1,1.0,True
LHxcpN9owNm39r9JM9GKSQ,0,0.0,True
FdoG9OOHNgDqGBNaQSbejw,0,0.0,True
5D_pvTm9ZON999EqNJ2SgQ,0,0.0,True
VMDWSge8E6MH5qyUkT7WNQ,0,0.0,True
tmRGdqWLCoVb-wPx_RxPmg,1,1.0,True
SjPpYBxqW4FHv8d3EN2zzg,0,0.0,True
4vZZjr6IZAk4riT0DB8MbQ,0,0.0,True
XVtVGp1yQUVxD44QoI_6iA,0,0.0,True
Hv1BxPv9w9pUine-ILiYxw,0,0.0,True
2sNSF2ttXEQKV7gADC6-Pw,1,0.0,False
r-5_rdz6hB25prcXrmWNRA,0,0.0,True
GzBRoR_aZPYhi5qWYhz1gg,0,0.0,True
QkYNM-2rhl_vFRvg56uIzw,0,0.0,True
kkeFZfzN1rzlrY43rpWMjA,1,0.0,False
3vKhV2ELR2hmwlnoNqYWaA,0,0.0,True
-hZgSHxGT7mFRoNhHEIuFQ,0,0.0,True
-s9Vc4QS91I4DUfR9V4VgA,0,0.0,True
upmnxJvYe5aOYE9wVNkGaw,0,0.0,True
WutvyzTAgpRnaIWKwVK1Mw,0,0.0,True
SofgOcnAyUWA6rP5bwt8Ag,0,0.0,True
kShAC7SB6qSlT9KJhfWMcQ,1,1.0,True
AV4-FHHiSzXdh-N9HuwX-w,0,0.0,True
s3YI_1My_QrLjd8iL61euw,0,1.0,False
2o8wGRVSn1UCrwSMqwgu-g,0,0.0,True
HZ9eKswFKunhaT-wNhdr_Q,0,1.0,False
advI3MTvWKpctLYVIw_kgg,1,0.0,False
dKezWbuwb6O2em-hYehrRg,0,1.0,False
dnP5-6aYEdw2qP7giStVoQ,0,0.0,True
aBYuw1pvpSHpfYTJVhEfHg,0,0.0,True
VJC-XcPKeIxpIhYncxZXLQ,0,0.0,True
FM1Jlw53TB-lxqlXIdxrQg,0,0.0,True
g9jX2oXQr8zrOQgynYnYjQ,1,0.0,False
DiVhCV8JMWIpOK3VFLDCow,0,0.0,True
EQxbEKkHxNvRT_-S5A-Gcw,0,0.0,True
FoNrvqGDT62kZ0y_1lS58w,0,0.0,True
Dzx8oPvlXsYDvAAONyONyg,0,0.0,True
fhJod2UVFSLL3cigU_AlWA,0,0.0,True
xK8WQgALQcP673X3VGvqOA,0,0.0,True
N10oOIPgzzOpNlBsI8FyaA,0,0.0,True
v-y7cV0-ChxQp_5TyZ-KTg,0,0.0,True
waoDX2nmKFwXel-ktK8geA,0,0.0,True
59VVVF8Y9UD1tEpXD5PghQ,0,0.0,True
QLuWutuU6jHOGZgUWBWQQg,0,0.0,True
gjWHlIXMPFDTXCWVrFtjTg,1,0.0,False
0vxxZSVaCDuRXIiqeZbE4g,1,0.0,False
oWCjsUTDuYIxCDHDx7LFJg,1,1.0,True
yMwuEn6SvChILwscMm_UJQ,1,0.0,False
VULvBdiunj7HSycDBqmakw,0,0.0,True
7WNxP3Ip9TvpH7iAx20Cfg,0,0.0,True
Ruyo0jO4ZnFo_-91CbWPPg,0,0.0,True
BZ841OH1n3Ng4CEn7iB6_Q,0,1.0,False
rNajNpLU5XCePqz0TlrkKg,0,0.0,True
JdTCJkk2iM2hI-sY0i5Jag,0,0.0,True
FAKevEJKD1D1Nccy6vccgA,1,0.0,False
ClJ3iaRa5fZTVmr1iIY3YQ,0,0.0,True
j4TaarsKxMraReBuoo33BQ,0,0.0,True
ZxmKA8b7njab1DNzCEU4Ow,0,0.0,True
oib0_YKjtJf5CSbPWAkzJg,0,0.0,True
PK56RYEhsLH3XLXtAkFOVg,0,0.0,True
ptruMuj43De21weY3q-RpA,0,0.0,True
v_GFTky-wtqTfq3nftGcdA,1,1.0,True
hSk523_7aJuwU5F3VUiw0w,0,0.0,True
-wwJIaO7-diyEqxGwZKVuQ,1,0.0,False
QZAG2sKBwNBq6THXgh3k0Q,0,0.0,True
EoVGIsaatkdbWLY9qyFcgA,0,0.0,True
Q9OovukGzZH_0-VCLgWaQA,0,0.0,True
_tBxHhUHdT_8pR-WCVFLLg,0,0.0,True
c0eHRit6jUbuFwIZUZsuBQ,0,0.0,True
Hk3X6J-u5jzZbSQLaTgSVg,0,0.0,True
XqAO5_bCitwqVRzhApZ2eA,0,0.0,True
G4lspZyt7AJx2c3711MaPQ,0,0.0,True
3bwxfBvKABepxYWGz3pHXA,0,0.0,True
deu5RFUe4w8dO5DDFb8Rig,1,0.0,False
kcg1RMNMXG2bZD6cfBA1Zw,0,1.0,False
YJztnPcPTHnFQpzdW3GpsQ,1,0.0,False
iK_yQ2W_H3ij--_USn19-A,0,0.0,True
IhNDVbMyexcQeEpNQf_nhQ,0,0.0,True
8s3BDPpMRvILQeHEmBayVw,0,0.0,True
N0_UiTesa8O4WQSvIMARGw,1,0.0,False
i0jT6whbVEeCrmsVXswFoA,0,0.0,True
DBHhwyue5KVL6fWDskXxww,1,0.0,False
xUgj_KF0-XRv_DBj96Yiaw,1,1.0,True
shRYUwvXwk4bNnY6DkHtqg,0,0.0,True
s3BO9GXv3Zl2pbCYjNnrzg,1,0.0,False
PWiU2RQx7Fi86iYJMf381Q,0,0.0,True
JZEmPY9J0QCv2IdOmUFKBw,1,0.0,False
ihMUU9D2mcgrp7fi8lmqJg,0,0.0,True
mI8qRS8DxFSsPm9eCCd7-A,1,0.0,False
LHfdfY4gUvXx_2if6qwu4A,0,0.0,True
sNEVitHf2lUsRMVmANcbSA,0,0.0,True
pPKPz6DoN3RgIl6tpAHP0w,0,0.0,True
ka2hxeDmMCiechV3GfAJvw,0,0.0,True
aACW1qAdOfgcU8yX61dOFw,0,0.0,True
2Fn5-x5IX7CfhCKFYaZGyA,0,0.0,True
1lqT4TrvR-EJAXc4Zr3cjA,0,0.0,True
PHWH6_Tv09Q-7pF8b75HFQ,0,0.0,True
-IpYERO_XHBIaVaWGdmPEg,0,0.0,True
bDZbgaGIZL2LIBj5VKw1Hw,0,0.0,True
g4jHGmS46NHnb7xp-YPUKg,0,0.0,True
gB6_C8Iia_qCb-WMrwGhhA,0,0.0,True
aWMxTWSEqBvH2KhdGPLibQ,1,0.0,False
Psk2gqx2EqSMrWMvLFP2qQ,1,0.0,False
YsFZD8t-VLGH64dzQOlOKg,1,1.0,True
vWnKq70W_WZ7FFLgmAfv9A,0,0.0,True
iQDJvMC2q3_H4kfMz3gwPQ,0,0.0,True
JUDKNzY9GZFH_0fX6cnI7g,0,0.0,True
AmzGu4DeUy69_XLbcQqQug,0,0.0,True
QW0_VPUem5Sr2EBA03H2SQ,0,0.0,True
5PyWh07IYl_fxXvmFxznmA,0,0.0,True
wtGArpfNEvvYDSn6UVKibQ,0,0.0,True
7onAEqbbZChyYdB2nJoQdg,0,0.0,True
ho2ks4SitYa6xzMttXNasw,1,1.0,True
JDVe1R7kdC0qD2ECczFuEA,0,0.0,True
-iyXLstr5tP_oPdxDQjKHg,1,0.0,False
nbAi_aSVRvKC_qGhfewZVw,0,0.0,True
EdnH8sz4EDHQhmszV_KRLA,0,0.0,True
xDVdsXEPFrnzG0qw_H5kkw,0,0.0,True
Q3l3m5w6Hai7Jv8CWgtdsQ,0,0.0,True
j-G3RGVCEN3FAY9MscKJug,0,0.0,True
LG_Dgv7u7P2ASDWU1RAyWQ,0,0.0,True
BITUQfpxGgwU5vdS7zlgeQ,0,0.0,True
iu-GLKS8OOE6jY1Zmf4x4Q,0,0.0,True
TmnFMNQxEUOKBBcW2gu3Xg,0,0.0,True
EUQjmH6mlCfS7tvUvviVrA,1,0.0,False
b-VLJb2e35qdhJmmbbZ36g,0,0.0,True
7668KFSOv4jCk2fbzigfOw,1,0.0,False
edjCywtqffQ8__vM7POZbw,0,0.0,True
IAjnFU8VeWN9yo5m3NWWYA,0,0.0,True
P47HXYh8NrJ5J9s8CCxPRg,0,0.0,True
L-SpHlHt_id-U28gFbnhKA,1,0.0,False
QBawse9-0wB3OqOGk7JsSg,0,0.0,True
sGNzxsfHm1hflwa_tClhcw,0,0.0,True
C-SztyKbkFMJC6cph7JSeQ,0,0.0,True
gtdmqiFHAJwGriJSGKBbQQ,0,0.0,True
PTnDDyk88QsMMVedFw6YDg,1,1.0,True
DtvYgBK6qrRyVRr8TdRyrA,0,0.0,True
HXM83dx5x9JB-TGhJBg9LA,1,0.0,False
T_L1_fXv6ovC_kSrFds8qQ,0,1.0,False
6FPcFtohI4sNJdK-gakThg,0,0.0,True
iSr13ZE7NKFvwfhbMzgK3g,0,0.0,True
Bdwv20CSRQ6hGlkQtn67xw,1,0.0,False
bVRoCoXu2jIyqbZRT_isWw,0,0.0,True
unDj0GtppVPp_6fbBPBQDw,0,0.0,True
7vJn3Mtwi1EfE777t7XGwQ,0,0.0,True
ClUcBnI386DS7GIjwgenvw,0,0.0,True
ISry-9rPw5g8pfCtgG6EWg,0,0.0,True
7Fk9LIRvalyMkeHNea3u2g,0,0.0,True
fSH3cHHWCZs1jEwL2xha7g,0,0.0,True
wEObycryWb89BMjp5-QTwQ,0,0.0,True
j6_5-4BAtawc9Xs6quR0-g,1,0.0,False
aJR3LfzIZhjfri1LaI6pNA,0,0.0,True
DReLu6HuFOm4p-jYZpgQkw,0,0.0,True
Gz9jnM72ouoKcfGtwzrR6g,1,1.0,True
2ChkhRUwGbneeCzaWCaJxg,1,0.0,False
7qMIhv5QJ6xrg_hOOdLgsw,0,0.0,True
jJ2aoxyQjUKYCwWOKO4uPw,0,0.0,True
oPW2Myk0GPiILt_0XHdviQ,0,0.0,True
e8egU_PyfdLbrTw4k33xqA,0,0.0,True
QF14BFUVHRODxGNVflgm3A,1,1.0,True
MqPRtyOXXJF-uUYJPK-5sA,0,0.0,True
aHl0WZbCPjkLsWn4hTiMsg,0,0.0,True
fkZeJNrvVrakMynRjrN6OQ,1,0.0,False
LbeCoGvbp1qFTFj63G_6tQ,1,0.0,False
VwxaYPHraSWtg5-6iRElGg,0,0.0,True
lg1YA74CwLsclHRlZ1PLkw,1,1.0,True
IvErHIfI6MzCu0zYJgRrhw,0,0.0,True
g8dcjPzIJGwY-u4GAeHxnQ,0,0.0,True
DTU4KeFL7HPzX_gPyhr3Qw,1,0.0,False
j-PjSm4YzsU7fWW1z8jcag,0,0.0,True
OoDf3KmK0-8NMJ2C0fb2iA,0,0.0,True
O24JqSyuDtNr1AFQDzWnWA,0,0.0,True
kKVDI7MKS0DhyQ5MJmdeDw,0,0.0,True
C4CbD-0Rz4nglavf_0dRdg,0,0.0,True
oVSaIsqt3nt7QFlJQ3j5OA,0,0.0,True
8BUJXN2fU15kclyTA3KhAw,0,0.0,True
3GAPcBG8SowgrpS6UHlDeQ,0,0.0,True
KeX07Io6ZS7UqrVB974hTg,1,0.0,False
Q_78bhl_tnjySK2iNmRYWg,1,1.0,True
4MEX8zVPiOAJ3PsKk9DojQ,0,0.0,True
rtF8jNOo898pmj_B3aAJww,0,0.0,True
z_-fScjTLGXFORG3aEtIUw,0,0.0,True
zgy27FSnvwdINfk5cXBIyQ,0,0.0,True
PjviuTR-xCu7gQp_OkypFw,0,0.0,True
91IWybAX774ZiXzQYhRtcQ,1,0.0,False
-R7uChoaVzwNvPNMT1gOuw,1,0.0,False
_sppJb0durssEnD1fs94mw,1,0.0,False
REMGt42x3asARab0jGdBZQ,1,0.0,False
M12VOhsiIVtMhhEnJrLlHA,0,0.0,True
Go7quw5gDlEYB7NfC8ILIQ,0,0.0,True
nq31doWpCrr1UwquTXNdmw,0,1.0,False
edJc-9e34tUNl5Jk62tBZA,1,1.0,True
10Srj1qZfB9CsVAwef9_dQ,0,0.0,True
XOlXs8_ClW9xaFU3Kd3YxA,0,0.0,True
1OofU2yrTZMes1iJUo5pcA,0,0.0,True
J3e6DsmiuHpBb9i5GzKaig,0,0.0,True
Dsvx2LEC8jk9nuGsg1Kqhg,1,0.0,False
3QPwxHWoiwTXscuG7_jecA,0,0.0,True
Km4kapPAmTIjRlrjjfI1Mg,1,0.0,False
n4-9RkaPPW0UNZ4py8vGcg,0,0.0,True
60MO2lSiKoflB2Zu3DoYNA,0,0.0,True
KW_gF0a7XWUd6n40UGuy_Q,0,0.0,True
Axp68MrCFrKW8HplKsvBHw,0,0.0,True
8WOxbBKsmF1jATXlapf1VQ,0,0.0,True
WN3057ZmzJXZbnw4NtkjQw,0,0.0,True
yQICrydZbrpHtBdsDLY6lA,0,0.0,True
dMuscGDTsLQDW00mIC7CkA,0,0.0,True
Od7984XVPsG447FToU0T5g,0,0.0,True
mRAlEfooyAa7vnUx0Yvgew,1,0.0,False
FAivEDuoBiUGijUsF2F0UQ,0,0.0,True
j3BJMRrw3SzWCuEboba_Fg,1,1.0,True
Xv2MKRyZqVrFqwxNr84_7g,1,1.0,True
bG-PFmdDFIzGhcS-GfJpsA,1,0.0,False
hCmALgeErt6qVDJDMgy5dg,0,0.0,True
140cSkaw7ZzMCgjWW6rM7A,0,0.0,True
k6n3kuv7HNMRXzxtYeF3cw,0,0.0,True
sU9ecRYIfJJKNdYPZyO1JA,0,0.0,True
iOdaFYr_V6SKEKzB2fE92Q,0,0.0,True
5nzkaZ5KVzG7IKnsO8niEQ,0,0.0,True
LRpoyZt-3PbCEEbU7nkvwQ,0,0.0,True
pOlQUa2suSRA30nFkh-_HQ,0,0.0,True
A4Jpwipg_Tj9X_BSe2PYFQ,0,0.0,True
JrXNBygUySEQ_KV3dZj-2w,1,0.0,False
AcBXW-uhOftCVHxX8qng8g,0,0.0,True
zN1SfN_DmvK9sMBw9wSw4A,1,1.0,True
xmyWUwZtjPK6xLdNuAUxaw,0,0.0,True
1we3mDehB1V7IYX9hIoeTQ,0,0.0,True
cYvfynvj9arUMgjUuGxExg,1,1.0,True
2V7Urukbc1JqaE17r-sJ4g,0,0.0,True
aD8lKBdQvulsbczzI6u24Q,1,0.0,False
a4bvXlGHgS6yUDp9YMcnZA,1,0.0,False
VlWAXFH5mqzQA9QNt_Azug,0,0.0,True
AHzxXDQs4y5htkgD5jIpQA,0,0.0,True
pJ4dMyXSAcy5Pabo9JLHvw,0,0.0,True
C3M22N5dunZZVkIOEVbyBQ,0,0.0,True
eWsd7tTVvCbh41vFaEJ4vg,0,0.0,True
ZFE0AZuJzRbbhxWiSQVCcg,1,1.0,True
